category,month,month_start,count,expected_count
CLI tooling,2021-11,2021-11-01,71,109.725379216701
CLI tooling,2021-12,2021-12-01,97,107.02761729023683
CLI tooling,2022-01,2022-01-01,83,104.39618386009536
CLI tooling,2022-02,2022-02-01,109,101.82944814137248
CLI tooling,2022-03,2022-03-01,93,99.32581944444073
CLI tooling,2022-04,2022-04-01,87,96.88374618914702
CLI tooling,2022-05,2022-05-01,92,94.50171494324802
CLI tooling,2022-06,2022-06-01,85,92.17824948448688
CLI tooling,2022-07,2022-07-01,101,89.91190988573055
CLI tooling,2022-08,2022-08-01,99,87.70129162259967
CLI tooling,2022-09,2022-09-01,95,85.54502470303939
CLI tooling,2022-10,2022-10-01,66,83.44177281829066
CLI tooling,2022-11,2022-11-01,100,81.39023251473621
CLI tooling,2022-12,2022-12-01,85,79.389132386108
CLI tooling,2023-01,2023-01-01,88,77.43723228555527
CLI tooling,2023-02,2023-02-01,74,75.53332255708531
CLI tooling,2023-03,2023-03-01,91,73.67622328590024
CLI tooling,2023-04,2023-04-01,92,71.8647835671654
CLI tooling,2023-05,2023-05-01,73,70.09788079275624
CLI tooling,2023-06,2023-06-01,75,68.37441995554148
CLI tooling,2023-07,2023-07-01,75,66.69333297077165
CLI tooling,2023-08,2023-08-01,56,65.05357801415211
CLI tooling,2023-09,2023-09-01,67,63.45413887619067
CLI tooling,2023-10,2023-10-01,49,61.89402433241973
CLI tooling,2023-11,2023-11-01,88,60.372267529101855
CLI tooling,2023-12,2023-12-01,69,58.887925384039306
CLI tooling,2024-01,2024-01-01,61,57.44007800211526
CLI tooling,2024-02,2024-02-01,58,56.02782810520488
CLI tooling,2024-03,2024-03-01,75,54.65030047610288
CLI tooling,2024-04,2024-04-01,64,53.30664141612292
CLI tooling,2024-05,2024-05-01,43,51.99601821603281
CLI tooling,2024-06,2024-06-01,51,50.71761863999744
CLI tooling,2024-07,2024-07-01,58,49.47065042220988
CLI tooling,2024-08,2024-08-01,36,48.2543407758984
CLI tooling,2024-09,2024-09-01,37,47.0679359144055
CLI tooling,2024-10,2024-10-01,41,45.91070058404164
CLI tooling,2024-11,2024-11-01,42,44.78191760842472
CLI tooling,2024-12,2024-12-01,38,43.68088744402247
CLI tooling,2025-01,2025-01-01,44,42.60692774662264
CLI tooling,2025-02,2025-02-01,50,41.559372948462006
CLI tooling,2025-03,2025-03-01,49,40.5375738457525
CLI tooling,2025-04,2025-04-01,30,39.540897196348354
CLI tooling,2025-05,2025-05-01,31,38.56872532730544
CLI tooling,2025-06,2025-06-01,28,37.620455752089235
CLI tooling,2025-07,2025-07-01,41,36.69550079719428
CLI tooling,2025-08,2025-08-01,28,35.793287237943815
CLI tooling,2025-09,2025-09-01,22,34.91325594324383
CLI tooling,2025-10,2025-10-01,54,34.054861529071275
CLI tooling,2025-11,2025-11-01,4,33.21757202048185
API,2021-11,2021-11-01,75,108.67798076210651
API,2021-12,2021-12-01,101,105.93240609303236
API,2022-01,2022-01-01,85,103.25619395913424
API,2022-02,2022-02-01,111,100.64759202734294
API,2022-03,2022-03-01,98,98.10489223447075
API,2022-04,2022-04-01,82,95.62642966880328
API,2022-05,2022-05-01,92,93.21058147994732
API,2022-06,2022-06-01,81,90.8557658162186
API,2022-07,2022-07-01,94,88.56044078887585
API,2022-08,2022-08-01,93,86.32310346252059
API,2022-09,2022-09-01,94,84.14228887100397
API,2022-10,2022-10-01,64,82.01656905819446
API,2022-11,2022-11-01,100,79.94455214297895
API,2022-12,2022-12-01,79,77.92488140788588
API,2023-01,2023-01-01,82,75.95623441073171
API,2023-02,2023-02-01,70,74.03732211871136
API,2023-03,2023-03-01,92,72.16688806436339
API,2023-04,2023-04-01,82,70.34370752285938
API,2023-05,2023-05-01,69,68.5665867100768
API,2023-06,2023-06-01,69,66.83436200093219
API,2023-07,2023-07-01,73,65.14589916746125
API,2023-08,2023-08-01,55,63.50009263614772
API,2023-09,2023-09-01,61,61.8958647640151
API,2023-10,2023-10-01,47,60.33216513300601
API,2023-11,2023-11-01,93,58.80796986218872
API,2023-12,2023-12-01,62,57.32228093733891
API,2024-01,2024-01-01,63,55.87412555745923
API,2024-02,2024-02-01,61,54.462555497807195
API,2024-03,2024-03-01,76,53.08664648901596
API,2024-04,2024-04-01,76,51.74549761189995
API,2024-05,2024-05-01,40,50.43823070755014
API,2024-06,2024-06-01,47,49.16398980233219
API,2024-07,2024-07-01,55,47.92194054741109
API,2024-08,2024-08-01,37,46.71126967243545
API,2024-09,2024-09-01,33,45.5311844530232
API,2024-10,2024-10-01,38,44.38091219170097
API,2024-11,2024-11-01,37,43.259699711956195
API,2024-12,2024-12-01,39,42.16681286507145
API,2025-01,2025-01-01,44,41.10153604941777
API,2025-02,2025-02-01,47,40.06317174189223
API,2025-03,2025-03-01,48,39.05104004119304
API,2025-04,2025-04-01,34,38.06447822263297
API,2025-05,2025-05-01,29,37.10284030419989
API,2025-06,2025-06-01,28,36.16549662357977
API,2025-07,2025-07-01,38,35.25183342586596
API,2025-08,2025-08-01,29,34.36125246168389
API,2025-09,2025-09-01,21,33.493170595468776
API,2025-10,2025-10-01,46,32.647019423639485
API,2025-11,2025-11-01,4,31.822244902418635
Build/CI,2021-11,2021-11-01,66,98.90846685214451
Build/CI,2021-12,2021-12-01,99,96.3481392752928
Build/CI,2022-01,2022-01-01,82,93.8540878981378
Build/CI,2022-02,2022-02-01,97,91.42459710636282
Build/CI,2022-03,2022-03-01,90,89.05799569574859
Build/CI,2022-04,2022-04-01,76,86.75265572258105
Build/CI,2022-05,2022-05-01,82,84.50699138381749
Build/CI,2022-06,2022-06-01,73,82.31945792624003
Build/CI,2022-07,2022-07-01,88,80.18855058384737
Build/CI,2022-08,2022-08-01,77,78.11280354275227
Build/CI,2022-09,2022-09-01,72,76.09078893287389
Build/CI,2022-10,2022-10-01,56,74.12111584573096
Build/CI,2022-11,2022-11-01,86,72.2024293776601
Build/CI,2022-12,2022-12-01,79,70.33340969780139
Build/CI,2023-01,2023-01-01,76,68.51277114020974
Build/CI,2023-02,2023-02-01,67,66.73926131946779
Build/CI,2023-03,2023-03-01,82,65.01166026919186
Build/CI,2023-04,2023-04-01,77,63.328779602838566
Build/CI,2023-05,2023-05-01,62,61.68946169623414
Build/CI,2023-06,2023-06-01,72,60.092578891265454
Build/CI,2023-07,2023-07-01,56,58.53703272018346
Build/CI,2023-08,2023-08-01,48,57.02175314998651
Build/CI,2023-09,2023-09-01,59,55.54569784636339
Build/CI,2023-10,2023-10-01,43,54.107851456689694
Build/CI,2023-11,2023-11-01,74,52.707224911584625
Build/CI,2023-12,2023-12-01,60,51.34285474454744
Build/CI,2024-01,2024-01-01,56,50.013802429205576
Build/CI,2024-02,2024-02-01,53,48.71915373371899
Build/CI,2024-03,2024-03-01,74,47.45801809189589
Build/CI,2024-04,2024-04-01,57,46.229527990587926
Build/CI,2024-05,2024-05-01,35,45.03283837294299
Build/CI,2024-06,2024-06-01,46,43.86712605710547
Build/CI,2024-07,2024-07-01,51,42.731589169963826
Build/CI,2024-08,2024-08-01,36,41.62544659555606
Build/CI,2024-09,2024-09-01,32,40.547937437753774
Build/CI,2024-10,2024-10-01,35,39.49832049685497
Build/CI,2024-11,2024-11-01,38,38.475873759725815
Build/CI,2024-12,2024-12-01,40,37.479893903140315
Build/CI,2025-01,2025-01-01,34,36.50969580997671
Build/CI,2025-02,2025-02-01,36,35.56461209793733
Build/CI,2025-03,2025-03-01,44,34.64399266046792
Build/CI,2025-04,2025-04-01,31,33.74720421956085
Build/CI,2025-05,2025-05-01,24,32.87362989013412
Build/CI,2025-06,2025-06-01,26,32.02266875568699
Build/CI,2025-07,2025-07-01,31,31.19373545494
Build/CI,2025-08,2025-08-01,22,30.386259779175163
Build/CI,2025-09,2025-09-01,19,29.599686279999396
Build/CI,2025-10,2025-10-01,42,28.83347388726128
Build/CI,2025-11,2025-11-01,3,28.08709553685833
Policy/configuration,2021-11,2021-11-01,53,79.83629242804074
Policy/configuration,2021-12,2021-12-01,70,77.91696327259177
Policy/configuration,2022-01,2022-01-01,64,76.04377634513108
Policy/configuration,2022-02,2022-02-01,80,74.21562234911225
Policy/configuration,2022-03,2022-03-01,79,72.43141865637645
Policy/configuration,2022-04,2022-04-01,63,70.69010866602319
Policy/configuration,2022-05,2022-05-01,67,68.99066117869343
Policy/configuration,2022-06,2022-06-01,63,67.3320697858965
Policy/configuration,2022-07,2022-07-01,62,65.71335227401704
Policy/configuration,2022-08,2022-08-01,60,64.13355004265102
Policy/configuration,2022-09,2022-09-01,68,62.591727536924594
Policy/configuration,2022-10,2022-10-01,48,61.08697169346133
Policy/configuration,2022-11,2022-11-01,79,59.61839139966791
Policy/configuration,2022-12,2022-12-01,68,58.18511696601999
Policy/configuration,2023-01,2023-01-01,63,56.786299611033826
Policy/configuration,2023-02,2023-02-01,52,55.42111095862045
Policy/configuration,2023-03,2023-03-01,67,54.08874254752306
Policy/configuration,2023-04,2023-04-01,65,52.78840535254867
Policy/configuration,2023-05,2023-05-01,52,51.519329317309065
Policy/configuration,2023-06,2023-06-01,51,50.28076289819568
Policy/configuration,2023-07,2023-07-01,58,49.07197261931709
Policy/configuration,2023-08,2023-08-01,43,47.89224263813663
Policy/configuration,2023-09,2023-09-01,42,46.74087432155223
Policy/configuration,2023-10,2023-10-01,42,45.617185832167635
Policy/configuration,2023-11,2023-11-01,70,44.52051172451002
Policy/configuration,2023-12,2023-12-01,52,43.450202550954906
Policy/configuration,2024-01,2024-01-01,51,42.4056244771249
Policy/configuration,2024-02,2024-02-01,43,41.3861589065346
Policy/configuration,2024-03,2024-03-01,52,40.39120211425929
Policy/configuration,2024-04,2024-04-01,55,39.42016488941064
Policy/configuration,2024-05,2024-05-01,27,38.47247218620742
Policy/configuration,2024-06,2024-06-01,42,37.54756278343494
Policy/configuration,2024-07,2024-07-01,39,36.64488895209121
Policy/configuration,2024-08,2024-08-01,23,35.76391613102323
Policy/configuration,2024-09,2024-09-01,30,34.90412261036124
Policy/configuration,2024-10,2024-10-01,29,34.06499922256345
Policy/configuration,2024-11,2024-11-01,26,33.246049040888316
Policy/configuration,2024-12,2024-12-01,27,32.44678708511578
Policy/configuration,2025-01,2025-01-01,32,31.666740034343224
Policy/configuration,2025-02,2025-02-01,28,30.905445946686022
Policy/configuration,2025-03,2025-03-01,36,30.16245398571674
Policy/configuration,2025-04,2025-04-01,27,29.43732415348093
Policy/configuration,2025-05,2025-05-01,29,28.72962702993147
Policy/configuration,2025-06,2025-06-01,20,28.03894351862707
Policy/configuration,2025-07,2025-07-01,34,27.364864598544536
Policy/configuration,2025-08,2025-08-01,24,26.706991081857353
Policy/configuration,2025-09,2025-09-01,18,26.064933377537905
Policy/configuration,2025-10,2025-10-01,36,25.438311260642433
Policy/configuration,2025-11,2025-11-01,4,24.826753647142983
Web Client,2021-11,2021-11-01,53,75.97057850188502
Web Client,2021-12,2021-12-01,65,74.17550051716076
Web Client,2022-01,2022-01-01,53,72.42283770202951
Web Client,2022-02,2022-02-01,80,70.71158784565326
Web Client,2022-03,2022-03-01,64,69.04077241802719
Web Client,2022-04,2022-04-01,54,67.40943601043503
Web Client,2022-05,2022-05-01,63,65.81664578912576
Web Client,2022-06,2022-06-01,63,64.2614909618985
Web Client,2022-07,2022-07-01,64,62.743082257291846
Web Client,2022-08,2022-08-01,65,61.260551416079245
Web Client,2022-09,2022-09-01,67,59.81305069477904
Web Client,2022-10,2022-10-01,53,58.399752380896466
Web Client,2022-11,2022-11-01,74,57.01984831961972
Web Client,2022-12,2022-12-01,65,55.67254945169907
Web Client,2023-01,2023-01-01,57,54.35708536224582
Web Client,2023-02,2023-02-01,44,53.07270384019218
Web Client,2023-03,2023-03-01,65,51.81867044816061
Web Client,2023-04,2023-04-01,57,50.594268102496386
Web Client,2023-05,2023-05-01,50,49.39879666322366
Web Client,2023-06,2023-06-01,51,48.23157253369011
Web Client,2023-07,2023-07-01,56,47.09192826967136
Web Client,2023-08,2023-08-01,41,45.97921219771193
Web Client,2023-09,2023-09-01,46,44.892788042484135
Web Client,2023-10,2023-10-01,37,43.83203456295182
Web Client,2023-11,2023-11-01,59,42.79634519713139
Web Client,2023-12,2023-12-01,56,41.78512771524629
Web Client,2024-01,2024-01-01,50,40.797803881077115
Web Client,2024-02,2024-02-01,50,39.833809121313585
Web Client,2024-03,2024-03-01,54,38.892592202719186
Web Client,2024-04,2024-04-01,57,37.973614916923886
Web Client,2024-05,2024-05-01,32,37.076351772665
Web Client,2024-06,2024-06-01,37,36.20028969529972
Web Client,2024-07,2024-07-01,39,35.34492773341784
Web Client,2024-08,2024-08-01,29,34.50977677238685
Web Client,2024-09,2024-09-01,23,33.69435925466553
Web Client,2024-10,2024-10-01,26,32.89820890672602
Web Client,2024-11,2024-11-01,23,32.1208704724286
Web Client,2024-12,2024-12-01,27,31.3618994526962
Web Client,2025-01,2025-01-01,29,30.620861851340106
Web Client,2025-02,2025-02-01,35,29.89733392689156
Web Client,2025-03,2025-03-01,33,29.19090195029708
Web Client,2025-04,2025-04-01,26,28.501161968339147
Web Client,2025-05,2025-05-01,28,27.827719572647013
Web Client,2025-06,2025-06-01,23,27.170189674165332
Web Client,2025-07,2025-07-01,26,26.52819628295182
Web Client,2025-08,2025-08-01,20,25.90137229317807
Web Client,2025-09,2025-09-01,16,25.289359273210383
Web Client,2025-10,2025-10-01,32,24.691807260650723
Web Client,2025-11,2025-11-01,2,24.108374562220636
Documentation/Help,2021-11,2021-11-01,44,68.66936452088343
Documentation/Help,2021-12,2021-12-01,61,67.02116676767629
Documentation/Help,2022-01,2022-01-01,49,65.41252895291669
Documentation/Help,2022-02,2022-02-01,65,63.84250156145879
Documentation/Help,2022-03,2022-03-01,61,62.31015786835939
Documentation/Help,2022-04,2022-04-01,50,60.81459339186886
Documentation/Help,2022-05,2022-05-01,53,59.354925359551466
Documentation/Help,2022-06,2022-06-01,53,57.930292187219735
Documentation/Help,2022-07,2022-07-01,62,56.53985297037545
Documentation/Help,2022-08,2022-08-01,63,55.18278698785723
Documentation/Help,2022-09,2022-09-01,56,53.85829321740107
Documentation/Help,2022-10,2022-10-01,43,52.56558986282879
Documentation/Help,2022-11,2022-11-01,68,51.303913892584816
Documentation/Help,2022-12,2022-12-01,61,50.07252058934877
Documentation/Help,2023-01,2023-01-01,56,48.870683110458394
Documentation/Help,2023-02,2023-02-01,46,47.69769205888314
Documentation/Help,2023-03,2023-03-01,62,46.55285506449521
Documentation/Help,2023-04,2023-04-01,55,45.435496375390926
Documentation/Help,2023-05,2023-05-01,41,44.34495645902114
Documentation/Help,2023-06,2023-06-01,47,43.280591612895314
Documentation/Help,2023-07,2023-07-01,45,42.24177358462951
Documentation/Help,2023-08,2023-08-01,36,41.22788920111381
Documentation/Help,2023-09,2023-09-01,43,40.238340006580586
Documentation/Help,2023-10,2023-10-01,33,39.27254190935978
Documentation/Help,2023-11,2023-11-01,63,38.32992483711272
Documentation/Help,2023-12,2023-12-01,41,37.40993240034109
Documentation/Help,2024-01,2024-01-01,37,36.5120215639721
Documentation/Help,2024-02,2024-02-01,39,35.63566232682657
Documentation/Help,2024-03,2024-03-01,51,34.78033740878016
Documentation/Help,2024-04,2024-04-01,51,33.94554194543341
Documentation/Help,2024-05,2024-05-01,28,33.13078319011033
Documentation/Help,2024-06,2024-06-01,34,32.335580223009536
Documentation/Help,2024-07,2024-07-01,37,31.559463667336363
Documentation/Help,2024-08,2024-08-01,28,30.801975412248343
Documentation/Help,2024-09,2024-09-01,24,30.062668342450575
Documentation/Help,2024-10,2024-10-01,25,29.341106074281196
Documentation/Help,2024-11,2024-11-01,22,28.63686269813148
Documentation/Help,2024-12,2024-12-01,27,27.94952252704824
Documentation/Help,2025-01,2025-01-01,25,27.2786798513703
Documentation/Help,2025-02,2025-02-01,28,26.62393869925416
Documentation/Help,2025-03,2025-03-01,33,25.984912602947556
Documentation/Help,2025-04,2025-04-01,22,25.361224370672783
Documentation/Help,2025-05,2025-05-01,19,24.75250586398538
Documentation/Help,2025-06,2025-06-01,20,24.15839778047661
Documentation/Help,2025-07,2025-07-01,24,23.578549441691464
Documentation/Help,2025-08,2025-08-01,19,23.01261858613708
Documentation/Help,2025-09,2025-09-01,9,22.46027116725935
Documentation/Help,2025-10,2025-10-01,30,21.92118115626847
Documentation/Help,2025-11,2025-11-01,2,21.39503034969706
Notification/Logging,2021-11,2021-11-01,34,60.477588463781174
Notification/Logging,2021-12,2021-12-01,45,58.97201884771254
Notification/Logging,2022-01,2022-01-01,53,57.50392989061876
Notification/Logging,2022-02,2022-02-01,61,56.07238852385766
Notification/Logging,2022-03,2022-03-01,51,54.67648490722337
Notification/Logging,2022-04,2022-04-01,48,53.3153318506816
Notification/Logging,2022-05,2022-05-01,54,51.98806425050153
Notification/Logging,2022-06,2022-06-01,54,50.69383853942423
Notification/Logging,2022-07,2022-07-01,49,49.43183215051946
Notification/Logging,2022-08,2022-08-01,53,48.20124299438939
Notification/Logging,2022-09,2022-09-01,58,47.00128894938719
Notification/Logging,2022-10,2022-10-01,39,45.83120736452642
Notification/Logging,2022-11,2022-11-01,55,44.69025457476539
Notification/Logging,2022-12,2022-12-01,42,43.57770542835832
Notification/Logging,2023-01,2023-01-01,47,42.49285282597295
Notification/Logging,2023-02,2023-02-01,29,41.43500727128165
Notification/Logging,2023-03,2023-03-01,54,40.40349643274047
Notification/Logging,2023-04,2023-04-01,55,39.397664716277426
Notification/Logging,2023-05,2023-05-01,33,38.41687284861874
Notification/Logging,2023-06,2023-06-01,48,37.460497470987896
Notification/Logging,2023-07,2023-07-01,40,36.52793074291951
Notification/Logging,2023-08,2023-08-01,25,35.61857995593611
Notification/Logging,2023-09,2023-09-01,34,34.73186715684221
Notification/Logging,2023-10,2023-10-01,32,33.86722878039655
Notification/Logging,2023-11,2023-11-01,49,33.0241152911286
Notification/Logging,2023-12,2023-12-01,42,32.20199083407215
Notification/Logging,2024-01,2024-01-01,39,31.40033289419358
Notification/Logging,2024-02,2024-02-01,36,30.61863196429869
Notification/Logging,2024-03,2024-03-01,40,29.85639122120685
Notification/Logging,2024-04,2024-04-01,37,29.11312620998659
Notification/Logging,2024-05,2024-05-01,25,28.38836453605218
Notification/Logging,2024-06,2024-06-01,28,27.681645564925276
Notification/Logging,2024-07,2024-07-01,28,26.99252012947092
Notification/Logging,2024-08,2024-08-01,20,26.32055024442186
Notification/Logging,2024-09,2024-09-01,20,25.66530882800955
Notification/Logging,2024-10,2024-10-01,17,25.02637943052523
Notification/Logging,2024-11,2024-11-01,20,24.403355969638252
Notification/Logging,2024-12,2024-12-01,25,23.79584247230366
Notification/Logging,2025-01,2025-01-01,20,23.203452823094832
Notification/Logging,2025-02,2025-02-01,29,22.625810518801316
Notification/Logging,2025-03,2025-03-01,27,22.06254842913593
Notification/Logging,2025-04,2025-04-01,21,21.513308563398855
Notification/Logging,2025-05,2025-05-01,18,20.97774184295068
Notification/Logging,2025-06,2025-06-01,14,20.45550787934956
Notification/Logging,2025-07,2025-07-01,22,19.946274758011647
Notification/Logging,2025-08,2025-08-01,13,19.449718827257183
Notification/Logging,2025-09,2025-09-01,16,18.96552449260819
Notification/Logging,2025-10,2025-10-01,23,18.493384016207145
Notification/Logging,2025-11,2025-11-01,1,18.032997321228972
Authentication/Authorization tools,2021-11,2021-11-01,32,54.23579572668032
Authentication/Authorization tools,2021-12,2021-12-01,48,53.092402292661085
Authentication/Authorization tools,2022-01,2022-01-01,31,51.973113760717006
Authentication/Authorization tools,2022-02,2022-02-01,62,50.877421953796485
Authentication/Authorization tools,2022-03,2022-03-01,49,49.804829408184034
Authentication/Authorization tools,2022-04,2022-04-01,47,48.75484914764273
Authentication/Authorization tools,2022-05,2022-05-01,50,47.72700446231824
Authentication/Authorization tools,2022-06,2022-06-01,44,46.72082869230412
Authentication/Authorization tools,2022-07,2022-07-01,46,45.73586501576977
Authentication/Authorization tools,2022-08,2022-08-01,42,44.77166624155512
Authentication/Authorization tools,2022-09,2022-09-01,50,43.82779460613792
Authentication/Authorization tools,2022-10,2022-10-01,31,42.90382157488121
Authentication/Authorization tools,2022-11,2022-11-01,42,41.999327647470835
Authentication/Authorization tools,2022-12,2022-12-01,47,41.11390216745493
Authentication/Authorization tools,2023-01,2023-01-01,46,40.247143135798446
Authentication/Authorization tools,2023-02,2023-02-01,37,39.398657028368355
Authentication/Authorization tools,2023-03,2023-03-01,50,38.56805861726675
Authentication/Authorization tools,2023-04,2023-04-01,43,37.754970795930376
Authentication/Authorization tools,2023-05,2023-05-01,44,36.95902440791751
Authentication/Authorization tools,2023-06,2023-06-01,42,36.17985807930438
Authentication/Authorization tools,2023-07,2023-07-01,42,35.41711805461487
Authentication/Authorization tools,2023-08,2023-08-01,32,34.67045803620917
Authentication/Authorization tools,2023-09,2023-09-01,33,33.939539027058544
Authentication/Authorization tools,2023-10,2023-10-01,30,33.22402917683452
Authentication/Authorization tools,2023-11,2023-11-01,43,32.52360363124289
Authentication/Authorization tools,2023-12,2023-12-01,41,31.837944384534108
Authentication/Authorization tools,2024-01,2024-01-01,42,31.16674013512292
Authentication/Authorization tools,2024-02,2024-02-01,28,30.509686144251848
Authentication/Authorization tools,2024-03,2024-03-01,53,29.86648409763444
Authentication/Authorization tools,2024-04,2024-04-01,46,29.236841970015096
Authentication/Authorization tools,2024-05,2024-05-01,21,28.62047389258449
Authentication/Authorization tools,2024-06,2024-06-01,25,28.01710002318993
Authentication/Authorization tools,2024-07,2024-07-01,32,27.426446419282055
Authentication/Authorization tools,2024-08,2024-08-01,22,26.84824491353996
Authentication/Authorization tools,2024-09,2024-09-01,19,26.282232992118477
Authentication/Authorization tools,2024-10,2024-10-01,24,25.728153675462135
Authentication/Authorization tools,2024-11,2024-11-01,20,25.185755401631887
Authentication/Authorization tools,2024-12,2024-12-01,22,24.654791912091454
Authentication/Authorization tools,2025-01,2025-01-01,21,24.13502213990154
Authentication/Authorization tools,2025-02,2025-02-01,26,23.626210100271095
Authentication/Authorization tools,2025-03,2025-03-01,25,23.128124783416062
Authentication/Authorization tools,2025-04,2025-04-01,22,22.64054004967671
Authentication/Authorization tools,2025-05,2025-05-01,15,22.163234526846235
Authentication/Authorization tools,2025-06,2025-06-01,20,21.6959915096638
Authentication/Authorization tools,2025-07,2025-07-01,27,21.238598861426453
Authentication/Authorization tools,2025-08,2025-08-01,12,20.79084891767524
Authentication/Authorization tools,2025-09,2025-09-01,15,20.35253839191188
Authentication/Authorization tools,2025-10,2025-10-01,23,19.923468283302988
Authentication/Authorization tools,2025-11,2025-11-01,3,19.503443786330177
Verification workflow,2021-11,2021-11-01,27,40.17135653181559
Verification workflow,2021-12,2021-12-01,36,39.01905759925022
Verification workflow,2022-01,2022-01-01,33,37.899811890290586
Verification workflow,2022-02,2022-02-01,39,36.812671286735856
Verification workflow,2022-03,2022-03-01,41,35.75671486676807
Verification workflow,2022-04,2022-04-01,30,34.73104812483495
Verification workflow,2022-05,2022-05-01,37,33.73480221391016
Verification workflow,2022-06,2022-06-01,30,32.76713320948892
Verification workflow,2022-07,2022-07-01,29,31.82722139469577
Verification workflow,2022-08,2022-08-01,33,30.91427056589856
Verification workflow,2022-09,2022-09-01,28,30.02750735824066
Verification workflow,2022-10,2022-10-01,21,29.166180590520085
Verification workflow,2022-11,2022-11-01,36,28.32956062886041
Verification workflow,2022-12,2022-12-01,30,27.51693876863451
Verification workflow,2023-01,2023-01-01,28,26.727626634117676
Verification workflow,2023-02,2023-02-01,20,25.960955595361316
Verification workflow,2023-03,2023-03-01,40,25.216276201793427
Verification workflow,2023-04,2023-04-01,44,24.492957632066084
Verification workflow,2023-05,2023-05-01,28,23.79038715968371
Verification workflow,2023-06,2023-06-01,23,23.10796963395966
Verification workflow,2023-07,2023-07-01,22,22.44512697586132
Verification workflow,2023-08,2023-08-01,15,21.801297688316723
Verification workflow,2023-09,2023-09-01,23,21.17593638056773
Verification workflow,2023-10,2023-10-01,15,20.568513306167073
Verification workflow,2023-11,2023-11-01,27,19.978513914227648
Verification workflow,2023-12,2023-12-01,24,19.405438413544115
Verification workflow,2024-01,2024-01-01,13,18.848801349217453
Verification workflow,2024-02,2024-02-01,15,18.308131191423843
Verification workflow,2024-03,2024-03-01,29,17.782969935979654
Verification workflow,2024-04,2024-04-01,19,17.272872716363928
Verification workflow,2024-05,2024-05-01,10,16.777407426869903
Verification workflow,2024-06,2024-06-01,20,16.296154356566312
Verification workflow,2024-07,2024-07-01,18,15.82870583375829
Verification workflow,2024-08,2024-08-01,12,15.374665880646788
Verification workflow,2024-09,2024-09-01,12,14.933649877893998
Verification workflow,2024-10,2024-10-01,11,14.505284238810503
Verification workflow,2024-11,2024-11-01,16,14.089206092888276
Verification workflow,2024-12,2024-12-01,16,13.685062978411407
Verification workflow,2025-01,2025-01-01,10,13.292512543884165
Verification workflow,2025-02,2025-02-01,10,12.911222258023423
Verification workflow,2025-03,2025-03-01,18,12.540869128069955
Verification workflow,2025-04,2025-04-01,11,12.18113942617971
Verification workflow,2025-05,2025-05-01,7,11.831728423663524
Verification workflow,2025-06,2025-06-01,9,11.49234013285007
Verification workflow,2025-07,2025-07-01,8,11.162687056353311
Verification workflow,2025-08,2025-08-01,7,10.842489943532136
Verification workflow,2025-09,2025-09-01,7,10.531477553935892
Verification workflow,2025-10,2025-10-01,25,10.22938642753529
Verification workflow,2025-11,2025-11-01,2,9.935960661544236
Signing workflow,2021-11,2021-11-01,28,39.88655621780965
Signing workflow,2021-12,2021-12-01,52,38.711227144092184
Signing workflow,2022-01,2022-01-01,27,37.57053125414677
Signing workflow,2022-02,2022-02-01,38,36.46344801896156
Signing workflow,2022-03,2022-03-01,43,35.38898698124642
Signing workflow,2022-04,2022-04-01,27,34.34618686931558
Signing workflow,2022-05,2022-05-01,33,33.33411473708134
Signing workflow,2022-06,2022-06-01,34,32.3518651293894
Signing workflow,2022-07,2022-07-01,35,31.398559271949164
Signing workflow,2022-08,2022-08-01,25,30.473344285134008
Signing workflow,2022-09,2022-09-01,24,29.57539242094856
Signing workflow,2022-10,2022-10-01,21,28.703900322479967
Signing workflow,2022-11,2022-11-01,33,27.858088305170863
Signing workflow,2022-12,2022-12-01,23,27.03719965927077
Signing workflow,2023-01,2023-01-01,30,26.24049997284219
Signing workflow,2023-02,2023-02-01,24,25.46727647471544
Signing workflow,2023-03,2023-03-01,26,24.716837396804557
Signing workflow,2023-04,2023-04-01,32,23.988511355213628
Signing workflow,2023-05,2023-05-01,26,23.281646749580037
Signing workflow,2023-06,2023-06-01,28,22.59561118011709
Signing workflow,2023-07,2023-07-01,24,21.9297908818345
Signing workflow,2023-08,2023-08-01,20,21.28359017543068
Signing workflow,2023-09,2023-09-01,21,20.656430934365357
Signing workflow,2023-10,2023-10-01,13,20.047752067635912
Signing workflow,2023-11,2023-11-01,30,19.4570090177947
Signing workflow,2023-12,2023-12-01,14,18.883673273758067
Signing workflow,2024-01,2024-01-01,18,18.327231897971423
Signing workflow,2024-02,2024-02-01,21,17.787187067507222
Signing workflow,2024-03,2024-03-01,26,17.263055628685283
Signing workflow,2024-04,2024-04-01,24,16.75436866481709
Signing workflow,2024-05,2024-05-01,11,16.26067107668719
Signing workflow,2024-06,2024-06-01,14,15.781521175396543
Signing workflow,2024-07,2024-07-01,18,15.31649028720346
Signing workflow,2024-08,2024-08-01,15,14.86516237000856
Signing workflow,2024-09,2024-09-01,11,14.427133641140744
Signing workflow,2024-10,2024-10-01,18,14.00201221611111
Signing workflow,2024-11,2024-11-01,14,13.589417758011605
Signing workflow,2024-12,2024-12-01,13,13.188981137244836
Signing workflow,2025-01,2025-01-01,12,12.800344101280483
Signing workflow,2025-02,2025-02-01,12,12.423158954142975
Signing workflow,2025-03,2025-03-01,12,12.05708824534366
Signing workflow,2025-04,2025-04-01,8,11.70180446797904
Signing workflow,2025-05,2025-05-01,5,11.35698976572526
Signing workflow,2025-06,2025-06-01,6,11.022335648466363
Signing workflow,2025-07,2025-07-01,11,10.69754271630215
Signing workflow,2025-08,2025-08-01,13,10.382320391688667
Signing workflow,2025-09,2025-09-01,7,10.076386659471575
Signing workflow,2025-10,2025-10-01,18,9.779467814579975
Signing workflow,2025-11,2025-11-01,3,9.491298217154876
Key Management Core (secret engine),2021-11,2021-11-01,25,30.515839090704596
Key Management Core (secret engine),2021-12,2021-12-01,24,29.86291637922004
Key Management Core (secret engine),2022-01,2022-01-01,22,29.223963726559877
Key Management Core (secret engine),2022-02,2022-02-01,27,28.59868222668187
Key Management Core (secret engine),2022-03,2022-03-01,24,27.986779368994508
Key Management Core (secret engine),2022-04,2022-04-01,29,27.38796890151862
Key Management Core (secret engine),2022-05,2022-05-01,21,26.801970696976987
Key Management Core (secret engine),2022-06,2022-06-01,23,26.22851062174904
Key Management Core (secret engine),2022-07,2022-07-01,31,25.667320407629372
Key Management Core (secret engine),2022-08,2022-08-01,19,25.118137526330308
Key Management Core (secret engine),2022-09,2022-09-01,30,24.58070506666941
Key Management Core (secret engine),2022-10,2022-10-01,18,24.054771614384943
Key Management Core (secret engine),2022-11,2022-11-01,31,23.5400911345226
Key Management Core (secret engine),2022-12,2022-12-01,28,23.036422856338913
Key Management Core (secret engine),2023-01,2023-01-01,28,22.5435311606671
Key Management Core (secret engine),2023-02,2023-02-01,23,22.061185469693037
Key Management Core (secret engine),2023-03,2023-03-01,21,21.58916013908946
Key Management Core (secret engine),2023-04,2023-04-01,18,21.12723435245814
Key Management Core (secret engine),2023-05,2023-05-01,20,20.675192018030632
Key Management Core (secret engine),2023-06,2023-06-01,21,20.232821667579135
Key Management Core (secret engine),2023-07,2023-07-01,30,19.79991635749041
Key Management Core (secret engine),2023-08,2023-08-01,22,19.376273571956204
Key Management Core (secret engine),2023-09,2023-09-01,23,18.961695128235093
Key Management Core (secret engine),2023-10,2023-10-01,21,18.55598708394141
Key Management Core (secret engine),2023-11,2023-11-01,25,18.15895964631772
Key Management Core (secret engine),2023-12,2023-12-01,16,17.770427083448624
Key Management Core (secret engine),2024-01,2024-01-01,27,17.39020763737421
Key Management Core (secret engine),2024-02,2024-02-01,22,17.018123439062517
Key Management Core (secret engine),2024-03,2024-03-01,22,16.654000425201293
Key Management Core (secret engine),2024-04,2024-04-01,23,16.297668256770123
Key Management Core (secret engine),2024-05,2024-05-01,18,15.94896023935476
Key Management Core (secret engine),2024-06,2024-06-01,16,15.607713245166392
Key Management Core (secret engine),2024-07,2024-07-01,19,15.273767636729517
Key Management Core (secret engine),2024-08,2024-08-01,7,14.946967192202456
Key Management Core (secret engine),2024-09,2024-09-01,8,14.627159032295877
Key Management Core (secret engine),2024-10,2024-10-01,13,14.31419354875486
Key Management Core (secret engine),2024-11,2024-11-01,11,14.007924334371218
Key Management Core (secret engine),2024-12,2024-12-01,10,13.708208114493328
Key Management Core (secret engine),2025-01,2025-01-01,10,13.414904680001309
Key Management Core (secret engine),2025-02,2025-02-01,13,13.12787682171635
Key Management Core (secret engine),2025-03,2025-03-01,10,12.846990266213409
Key Management Core (secret engine),2025-04,2025-04-01,12,12.572113613007213
Key Management Core (secret engine),2025-05,2025-05-01,14,12.303118273082353
Key Management Core (secret engine),2025-06,2025-06-01,13,12.039878408738494
Key Management Core (secret engine),2025-07,2025-07-01,9,11.782270874722744
Key Management Core (secret engine),2025-08,2025-08-01,9,11.530175160621516
Key Management Core (secret engine),2025-09,2025-09-01,8,11.283473334485008
Key Management Core (secret engine),2025-10,2025-10-01,15,11.042049987657892
Key Management Core (secret engine),2025-11,2025-11-01,3,10.805792180790451
