repo,issue_number,issue_url,created_at,comments_count,unique_participants,labels,label_primary,time_tercile,thread_bucket,rationale,title,Associated Components,Codes Primary,Agreement_ Associated component (ANAlysts A nad B),Agreement code Primary (Analysts A & B),Unnamed: 16,ACC Associated Components,ACC Codes Primary,Usability_Non-Usability Type- Analyst B (1- usability; 0-non-usability),Usability_Non-Usability Type- Analyst A,Agreement,Usability_agreed,Usability Theme,sample_id,Usability_Non-Usability Type- Analyst A source,Validation usability label,Validation usability label source
Keyfactor/ejbca-ce,33,https://github.com/Keyfactor/ejbca-ce/issues/33,2022-04-17 22:27:53+00:00,1,1,,,early,short,time-stratum: early (temporal coverage); thread-size: short (ensure short/medium/long threads),Integration EJBCA in docker container with SMTP server.,ejbca-ce certificate authority - SMPT server,Some components (SMPT_destination/PORT) are not available with SMPT server in older version,1.0,0.0,,0.9,0.88,1,Usability,1.0,Usability,"Usability Issue Theme: Any issue where the software is technically functional (it didn't crash due to a bug), but the user failed to achieve their goal efficiently, effectively, or satisfactorily due to the design, interface, feedback, or documentation. (1)
Non-Usability Theme: Pure functional bugs (e.g., null pointer exceptions, incorrect cryptographic calculations), feature requests that are entirely new capabilities outside current scope, or infrastructure tasks. (0)
",1,original_sample_sheet,Usability,consensus_Usability_agreed
Keyfactor/ejbca-ce,55,https://github.com/Keyfactor/ejbca-ce/issues/55,2022-06-29 16:12:31+00:00,6,2,,,early,long,time-stratum: early (temporal coverage); thread-size: long (ensure short/medium/long threads),Notification Events,ejbca-certifucate authority - notification events,Status code for notification events were not correctly reported in certain format ( STATUSINITIALIZED and STATUSINPROCESS).,1.0,0.0,,,,1,Usability,1.0,Usability,0.7,2,original_sample_sheet,Usability,consensus_Usability_agreed
Keyfactor/ejbca-ce,218,https://github.com/Keyfactor/ejbca-ce/issues/218,2023-01-17 03:06:17+00:00,3,2,,,early,medium,time-stratum: early (temporal coverage); thread-size: medium (ensure short/medium/long threads),SM3WithSM2 and SM3 support,ejbca-ce certificate authority,Some signature algorithms (SM2withSM3 and SM3) are not compatible with the system,1.0,1.0,,,,1,Usability,1.0,Usability,,3,original_sample_sheet,Usability,consensus_Usability_agreed
Keyfactor/ejbca-ce,261,https://github.com/Keyfactor/ejbca-ce/issues/261,2023-03-16 13:16:08+00:00,1,1,,,middle,short,time-stratum: middle (temporal coverage); thread-size: short (ensure short/medium/long threads),EJBCA-CE: REST End Entity Management V2 broken,EBJCA-CE Certificate Authority - Endpoints,Endpoints are unaccessible,1.0,0.0,,,,1,Usability,1.0,Usability,,4,original_sample_sheet,Usability,consensus_Usability_agreed
Keyfactor/ejbca-ce,473,https://github.com/Keyfactor/ejbca-ce/issues/473,2024-01-16 12:17:55+00:00,8,4,bug,bug,middle,long,time-stratum: middle (temporal coverage); thread-size: long (ensure short/medium/long threads); label-diversity: 'bug' present,[BUG] the admin web page for CMP aliases misses the 'Add' button,ejbca-ce certificate authority - web page,"A feature (""Add"") was missing after the update",1.0,1.0,,,,0 (1),Usability,0.0,Non-usability,,5,original_sample_sheet,Non-usability,consensus_Usability_agreed
Keyfactor/ejbca-ce,520,https://github.com/Keyfactor/ejbca-ce/issues/520,2024-02-27 16:26:21+00:00,3,2,bug,bug,middle,medium,time-stratum: middle (temporal coverage); thread-size: medium (ensure short/medium/long threads); label-diversity: 'bug' present,[BUG] CA rest api not available,ejbca-ce certificate authority - rest api,Rest API is not available since the users use the older version. ,1.0,1.0,,,,1,Usability,1.0,Usability,,6,original_sample_sheet,Usability,consensus_Usability_agreed
Keyfactor/ejbca-ce,568,https://github.com/Keyfactor/ejbca-ce/issues/568,2024-04-09 09:55:37+00:00,0,0,,,late,short,time-stratum: late (temporal coverage); thread-size: short (ensure short/medium/long threads),EJBCA 8 is not running on wildfly 31 version,ejbca-ce certificate authority,ejbca 8 is not compatible with current Wildfly version ,1.0,1.0,,,,1,"non-usability (no indication that user followed documentation, or that this is reproducible)",0.0,Non-usability,,7,original_sample_sheet,Non-usability,consensus_Usability_agreed
Keyfactor/ejbca-ce,577,https://github.com/Keyfactor/ejbca-ce/issues/577,2024-04-26 16:34:34+00:00,3,2,,,late,medium,time-stratum: late (temporal coverage); thread-size: medium (ensure short/medium/long threads),HSM generated keys for EJBCAs generated PKCS#12 objects,ejbca-ce certificate authority - HSM generated key,New feature (HSM keys) is requested ,1.0,1.0,,,,0(1),non-usability(usability (user although generated new feature they were really asking questions)),1.0,Non-usability,,8,original_sample_sheet,Non-usability,consensus_Usability_agreed
Keyfactor/ejbca-ce,824,https://github.com/Keyfactor/ejbca-ce/issues/824,2025-03-03 10:09:33+00:00,6,3,bug,bug,late,long,time-stratum: late (temporal coverage); thread-size: long (ensure short/medium/long threads); label-diversity: 'bug' present,Release 8.3.2 not available for download,ejbca-certificate authority,Particular release version is not available.,1.0,1.0,,,,1,usability,1.0,Usability,,9,original_sample_sheet,Usability,consensus_Usability_agreed
Keyfactor/signserver-ce,5,https://github.com/Keyfactor/signserver-ce/issues/5,2022-06-22 16:12:19+00:00,3,2,,,early,long,time-stratum: early (temporal coverage); thread-size: long (ensure short/medium/long threads),Exception: java.lang.NoClassDefFoundError: com/sun/jna/Pointer,signserver-ce,Environment does not work with worker.,1.0,0.0,,,,1,usability,1.0,Usability,,10,original_sample_sheet,Usability,consensus_Usability_agreed
hashicorp/vault,13243,https://github.com/hashicorp/vault/issues/13243,2021-11-22 23:51:51+00:00,7,4,"cryptosec, enhancement, secret/transit",cryptosec,early,long,time-stratum: early (temporal coverage); thread-size: long (ensure short/medium/long threads); label-diversity: 'cryptosec' present,Transit: Support algorithms with large nonces,hashicorp-vault - Algorithms,Some algorithms are not supported in the current version,1.0,1.0,,,,0(1),Usability,0.0,Non-usability,,11,original_sample_sheet,Non-usability,consensus_Usability_agreed
hashicorp/vault,13246,https://github.com/hashicorp/vault/issues/13246,2021-11-23 07:08:42+00:00,0,0,"ecosystem, helmchart",ecosystem,early,short,time-stratum: early (temporal coverage); thread-size: short (ensure short/medium/long threads); label-diversity: 'ecosystem' present,Error checking seal status,hashicorp-vault - vault,"The vault is not able to initialize, which is an error",1.0,1.0,,,,1,usability,1.0,Usability,,12,original_sample_sheet,Usability,consensus_Usability_agreed
hashicorp/vault,13304,https://github.com/hashicorp/vault/issues/13304,2021-11-30 11:08:07+00:00,2,2,core/ha,core/ha,early,medium,time-stratum: early (temporal coverage); thread-size: medium (ensure short/medium/long threads); label-diversity: 'core/ha' present,Downgrade logging failed to acquire lock msg level from error to info/warning,hashicorp-vault - log/ha,Log files register  misrepresented information when ha is enabled,1.0,1.0,,,,1,usability,1.0,Usability,,13,original_sample_sheet,Usability,consensus_Usability_agreed
hashicorp/vault,13305,https://github.com/hashicorp/vault/issues/13305,2021-11-30 14:35:24+00:00,5,2,storage/azure,storage/azure,early,long,time-stratum: early (temporal coverage); thread-size: long (ensure short/medium/long threads); label-diversity: 'storage/azure' present,Vault Azure backend storage not syncing ,hashicorp-vault - storage,The storage container is not sync with vault data.,1.0,1.0,,,,1,usability,1.0,Usability,,14,original_sample_sheet,Usability,consensus_Usability_agreed
hashicorp/vault,13319,https://github.com/hashicorp/vault/issues/13319,2021-12-01 16:26:41+00:00,1,1,core/policy,core/policy,early,short,time-stratum: early (temporal coverage); thread-size: short (ensure short/medium/long threads); label-diversity: 'core/policy' present,ACL Policies wildcard usage at odds with the Idiomatic Unix glob pattern usage,hashicorp-vault - regrex,The usage of regrex is not convention ,0.0,1.0,,,,1,usability,1.0,Usability,,15,original_sample_sheet,Usability,consensus_Usability_agreed
hashicorp/vault,13346,https://github.com/hashicorp/vault/issues/13346,2021-12-06 06:16:00+00:00,1,1,,,early,short,time-stratum: early (temporal coverage); thread-size: short (ensure short/medium/long threads),how to hide 8200 port form fqdn or public ip,hashicorp-vault - port,Port number cannot be hidden ,1.0,1.0,,,,1,usability,1.0,Usability,,16,original_sample_sheet,Usability,consensus_Usability_agreed
hashicorp/vault,13358,https://github.com/hashicorp/vault/issues/13358,2021-12-07 18:07:41+00:00,2,2,"auth/oidc, ecosystem",auth/oidc,early,medium,time-stratum: early (temporal coverage); thread-size: medium (ensure short/medium/long threads); label-diversity: 'auth/oidc' present,help output is incorrect,hashicorp-vault - output,The output does not report the neccessary information and is clarified in the documentation,0.0,1.0,,,,1,usability,1.0,Usability,,17,original_sample_sheet,Usability,consensus_Usability_agreed
hashicorp/vault,13364,https://github.com/hashicorp/vault/issues/13364,2021-12-08 09:28:30+00:00,2,2,"cryptosec, secret/pki",cryptosec,early,medium,time-stratum: early (temporal coverage); thread-size: medium (ensure short/medium/long threads); label-diversity: 'cryptosec' present,PKI: /sign-verbatim - key_usage and ext_key_usage request params are used as defaults instead of restrictions,hashicorp-vault,"The values of ""Key Usage"" and ""Extended Key Usage"" returned error with certificate in CSR",1.0,1.0,,,,1,Usability,1.0,Usability,,18,original_sample_sheet,Usability,consensus_Usability_agreed
hashicorp/vault,13388,https://github.com/hashicorp/vault/issues/13388,2021-12-10 09:55:19+00:00,4,4,"ecosystem, secret/database/postgresql",ecosystem,early,long,time-stratum: early (temporal coverage); thread-size: long (ensure short/medium/long threads); label-diversity: 'ecosystem' present,"Error with Postgresql Engine `row is too big: size 8480, maximum size 8160`",hashicorp-vault - database,There is a limitations in gratning permission in the database,1.0,1.0,,,,0(1),usability,0.0,Non-usability,,19,original_sample_sheet,Non-usability,consensus_Usability_agreed
hashicorp/vault,14225,https://github.com/hashicorp/vault/issues/14225,2022-02-23 15:18:44+00:00,7,4,"ecosystem, k8s",ecosystem,early,long,time-stratum: early (temporal coverage); thread-size: long (ensure short/medium/long threads); label-diversity: 'ecosystem' present,Kubernetes 1.21 - Serviceregistration is not reloading the service account token,hashicorp-vault - service registration,Service registration is not updated as expected,1.0,1.0,,,,1,usability,1.0,Usability,,20,original_sample_sheet,Usability,consensus_Usability_agreed
hashicorp/vault,14275,https://github.com/hashicorp/vault/issues/14275,2022-02-25 15:56:32+00:00,2,2,question,question,early,medium,time-stratum: early (temporal coverage); thread-size: medium (ensure short/medium/long threads); label-diversity: 'question' present,Getting Permission Denied for Userpass Token lookup,hashicorp-vault,Permission is dennied when userpass token is looked up,1.0,1.0,,,,1,usability,1.0,Usability,,21,original_sample_sheet,Usability,consensus_Usability_agreed
hashicorp/vault,14394,https://github.com/hashicorp/vault/issues/14394,2022-03-07 20:59:20+00:00,0,0,"bug, core, os/windows",bug,early,short,time-stratum: early (temporal coverage); thread-size: short (ensure short/medium/long threads); label-diversity: 'bug' present,vault debug on Windows results in panic,hashicorp-vault - output,The debug output generates more context than needed,1.0,0.0,,,,0,non-unsability,0.0,Non-usability,,22,original_sample_sheet,Non-usability,consensus_Usability_agreed
hashicorp/vault,15196,https://github.com/hashicorp/vault/issues/15196,2022-04-27 11:13:26+00:00,1,1,"bug, ui",bug,early,short,time-stratum: early (temporal coverage); thread-size: short (ensure short/medium/long threads); label-diversity: 'bug' present,"Web UI with policy to allow update of group membership gives ""Permission Denied""",hashicrop-vault - webpage,permission to change is denied despite no changes.,1.0,1.0,,,,1,usability,1.0,Usability,,23,original_sample_sheet,Usability,consensus_Usability_agreed
hashicorp/vault,15210,https://github.com/hashicorp/vault/issues/15210,2022-04-28 13:40:48+00:00,3,2,bug,bug,early,medium,time-stratum: early (temporal coverage); thread-size: medium (ensure short/medium/long threads); label-diversity: 'bug' present,Upgrading cluster to v1.9.4 fails,hashicrop-vault - cluster,The node in the cluster cannot be replaced with a newer version,1.0,1.0,,,,1,non-usability (usability),0.0,Non-usability,,24,original_sample_sheet,Non-usability,consensus_Usability_agreed
hashicorp/vault,15252,https://github.com/hashicorp/vault/issues/15252,2022-05-01 13:42:03+00:00,1,1,"bug, core/cli, good-first-issue",bug,early,short,time-stratum: early (temporal coverage); thread-size: short (ensure short/medium/long threads); label-diversity: 'bug' present,Issues with `vault operator generate-root` CLI help message,hashicrop-vault - CLI,Command Line Interface (CLI) help message is incorrect ,1.0,1.0,,,,1,usability,1.0,Usability,,25,original_sample_sheet,Usability,consensus_Usability_agreed
hashicorp/vault,15641,https://github.com/hashicorp/vault/issues/15641,2022-05-26 14:46:29+00:00,2,2,release/packaging,release/packaging,early,medium,time-stratum: early (temporal coverage); thread-size: medium (ensure short/medium/long threads); label-diversity: 'release/packaging' present,APT repository missing latest versions,hashicorp-vault - CLI/APT installation,Wrong APT command line installation leads to failure with the latest version,1.0,1.0,,,,1,usability,1.0,Usability,,26,original_sample_sheet,Usability,consensus_Usability_agreed
hashicorp/vault,16151,https://github.com/hashicorp/vault/issues/16151,2022-06-27 13:40:19+00:00,5,5,,,early,long,time-stratum: early (temporal coverage); thread-size: long (ensure short/medium/long threads),Vault create enormous goroutine and consume a lot memory which causing OOM ,hashicorp-vault,"Goroutine get created, causing OOM then get restarted",1.0,0.0,,,,1(0),non-usability,0.0,Non-usability,,27,original_sample_sheet,Non-usability,consensus_Usability_agreed
hashicorp/vault,16158,https://github.com/hashicorp/vault/issues/16158,2022-06-27 17:43:34+00:00,2,2,"question, storage/raft",question,early,medium,time-stratum: early (temporal coverage); thread-size: medium (ensure short/medium/long threads); label-diversity: 'question' present,Bad interaction between Auto Unseal with Azure Key Vault + Integrated Storage,hashicorp-vault - storage,Storage fail to setup auto-unseal and also fail to join the raft cluster.,1.0,1.0,,,,1,usability,1.0,Usability,,28,original_sample_sheet,Usability,consensus_Usability_agreed
hashicorp/vault,16282,https://github.com/hashicorp/vault/issues/16282,2022-07-12 20:54:48+00:00,1,1,"auth/approle, core/api, devex, enhancement",auth/approle,early,short,time-stratum: early (temporal coverage); thread-size: short (ensure short/medium/long threads); label-diversity: 'auth/approle' present,Addition of creation of Vault App Roles through Go SDK,hashicorp-vault,Missing a dedicated method to change the AppRole functionality,1.0,1.0,,,,0(1),usability,0.0,Non-usability,,29,original_sample_sheet,Non-usability,consensus_Usability_agreed
hashicorp/vault,16367,https://github.com/hashicorp/vault/issues/16367,2022-07-19 21:53:42+00:00,2,2,"cryptosec, enhancement, secret/transit",cryptosec,early,medium,time-stratum: early (temporal coverage); thread-size: medium (ensure short/medium/long threads); label-diversity: 'cryptosec' present,The transit secrets engine does not support RSA padding scheme pkcs1v15 for encryption.,hashicorp-vault,The users request to use the Vault transit secrets engine to sign and decrypt with some padding schemes ,1.0,1.0,,,,0(1),usability,0.0,Non-usability,,30,original_sample_sheet,Non-usability,consensus_Usability_agreed
hashicorp/vault,16424,https://github.com/hashicorp/vault/issues/16424,2022-07-22 15:12:20+00:00,7,4,question,question,early,long,time-stratum: early (temporal coverage); thread-size: long (ensure short/medium/long threads); label-diversity: 'question' present,Unable to install vault in Suse Linux Micro OS,hashicorp-vault - OS/Virtual Machine,Vault cannot be deployed on a specific version of Linux Virtual Machine,1.0,1.0,,,,1,usability,1.0,Usability,,31,original_sample_sheet,Usability,consensus_Usability_agreed
hashicorp/vault,16529,https://github.com/hashicorp/vault/issues/16529,2022-08-02 15:55:24+00:00,1,1,"cryptosec, secret/pki, secret/transit",cryptosec,early,short,time-stratum: early (temporal coverage); thread-size: short (ensure short/medium/long threads); label-diversity: 'cryptosec' present,Digital signature endpoint for PKI engines,hashicorp-vault - signature,the user make a request to have a digital signature for PKIs engine,1.0,1.0,,,,0(1),usability,0.0,Non-usability,,32,original_sample_sheet,Non-usability,consensus_Usability_agreed
hashicorp/vault,16750,https://github.com/hashicorp/vault/issues/16750,2022-08-16 18:35:10+00:00,0,0,"auth/mfa, bug, core/identity",auth/mfa,early,short,time-stratum: early (temporal coverage); thread-size: short (ensure short/medium/long threads); label-diversity: 'auth/mfa' present,/identity/mfa/login-enforcement does not accept an array for identity_group_ids,hashicorp-vault,A bug ( /identity/mfa/login-enforcement) encountered when supplied with multiple group ID,1.0,1.0,,,,0,usability(non-usability),0.0,Non-usability,,33,original_sample_sheet,Non-usability,consensus_Usability_agreed
hashicorp/vault,16820,https://github.com/hashicorp/vault/issues/16820,2022-08-22 19:21:05+00:00,0,0,"core/telemetry, enhancement",core/telemetry,early,short,time-stratum: early (temporal coverage); thread-size: short (ensure short/medium/long threads); label-diversity: 'core/telemetry' present,[Feature Request] Support Customizable Notifications for certain conditions,hashicorp-vault - notifications,A request from the suers to have support customizable email notifications,1.0,1.0,,,,0,non-usability,1.0,Non-usability,,34,original_sample_sheet,Non-usability,consensus_Usability_agreed
hashicorp/vault,17130,https://github.com/hashicorp/vault/issues/17130,2022-09-14 07:42:30+00:00,9,6,"auth/oidc, core/cli",auth/oidc,early,long,time-stratum: early (temporal coverage); thread-size: long (ensure short/medium/long threads); label-diversity: 'auth/oidc' present,vault cli doesn't listen on secure port during oidc login even when explicitly asked to do so,hashicorp-vault - CLI,CLI listens to the wrong secure port,0.0,1.0,,,,1,usability,1.0,Usability,,35,original_sample_sheet,Usability,consensus_Usability_agreed
hashicorp/vault,17246,https://github.com/hashicorp/vault/issues/17246,2022-09-21 00:53:19+00:00,4,4,core/api,core/api,early,long,time-stratum: early (temporal coverage); thread-size: long (ensure short/medium/long threads); label-diversity: 'core/api' present,Error making API request - * permission denied,hashicorp-vault - API,The permission is denied when making API request,1.0,1.0,,,,1,usability,1.0,Usability,,36,original_sample_sheet,Usability,consensus_Usability_agreed
hashicorp/vault,17325,https://github.com/hashicorp/vault/issues/17325,2022-09-27 15:03:15+00:00,3,3,"ecosystem/plugin, enhancement, feature-request, ui",ecosystem/plugin,early,medium,time-stratum: early (temporal coverage); thread-size: medium (ensure short/medium/long threads); label-diversity: 'ecosystem/plugin' present,Feature UI Improvement: dynamic search and filter for Secret Engines list,hashicorp-vault - UI,A search engine is requested since the scrolling  feature is not enough,1.0,1.0,,,,1,usability,1.0,Usability,,37,original_sample_sheet,Usability,consensus_Usability_agreed
hashicorp/vault,17475,https://github.com/hashicorp/vault/issues/17475,2022-10-10 15:41:27+00:00,2,2,"auth/jwt-oidc, enhancement, ui",auth/jwt-oidc,early,medium,time-stratum: early (temporal coverage); thread-size: medium (ensure short/medium/long threads); label-diversity: 'auth/jwt-oidc' present,Support passthrough authentication in the vault UI,hashicorp-vault,A common login scheme is requested,1.0,1.0,,,,1,usability,1.0,Usability,,38,original_sample_sheet,Usability,consensus_Usability_agreed
hashicorp/vault,17737,https://github.com/hashicorp/vault/issues/17737,2022-10-29 09:40:02+00:00,26,4,"bug, core/ha, storage/dynamodb",bug,early,long,time-stratum: early (temporal coverage); thread-size: long (ensure short/medium/long threads); label-diversity: 'bug' present,Huge regression: Upgrading HA DynamoDB backend based Vault cluster to 1.11.0 and upwards breaks functional cluster,hashicorp-vault - database,Upgrading to a newer version of databaset (dynamoDB) make the cluster non functional,1.0,1.0,,,,0(1),usability,0.0,Non-usability,,39,original_sample_sheet,Non-usability,consensus_Usability_agreed
hashicorp/vault,18151,https://github.com/hashicorp/vault/issues/18151,2022-11-30 10:35:08+00:00,9,3,question,question,middle,long,time-stratum: middle (temporal coverage); thread-size: long (ensure short/medium/long threads); label-diversity: 'question' present,"BUG: Too many arguments (expected 2, got 3)",hashicorp-vault - CLI,CLI do not show clear expectations with the number of arguments,0.0,1.0,,,,1,usability,1.0,Usability,,40,original_sample_sheet,Usability,consensus_Usability_agreed
hashicorp/vault,18237,https://github.com/hashicorp/vault/issues/18237,2022-12-06 12:01:54+00:00,1,1,"ecosystem, secret/rabbitmq",ecosystem,middle,short,time-stratum: middle (temporal coverage); thread-size: short (ensure short/medium/long threads); label-diversity: 'ecosystem' present,RabbitMQ engine should use Orphan tokens,hashicorp-vault - CLI,Username and password generated by RabbitMQ Engine cannot be used due to immediately deletion,1.0,1.0,,,,1,usability,1.0,Usability,,41,original_sample_sheet,Usability,consensus_Usability_agreed
hashicorp/vault,18248,https://github.com/hashicorp/vault/issues/18248,2022-12-06 21:09:43+00:00,2,2,storage/gcs,storage/gcs,middle,medium,time-stratum: middle (temporal coverage); thread-size: medium (ensure short/medium/long threads); label-diversity: 'storage/gcs' present,Object name too long on GCS data backend,hashicorp-vault,Object name exceed the maximum number of characters,1.0,1.0,,,,1,usability(non-usability),0.0,Non-usability,,42,original_sample_sheet,Non-usability,consensus_Usability_agreed
hashicorp/vault,18251,https://github.com/hashicorp/vault/issues/18251,2022-12-07 05:54:27+00:00,6,3,core/replication,core/replication,middle,long,time-stratum: middle (temporal coverage); thread-size: long (ensure short/medium/long threads); label-diversity: 'core/replication' present,Issue with the vault cache in the secondary datacenter in multi-datacenter setup,hashicorp-vault,vault caches more than needed information that makes successful replication still unusable,1.0,1.0,,,,1,usability,1.0,Usability,,43,original_sample_sheet,Usability,consensus_Usability_agreed
hashicorp/vault,18433,https://github.com/hashicorp/vault/issues/18433,2022-12-16 07:31:32+00:00,2,2,agent,agent,middle,medium,time-stratum: middle (temporal coverage); thread-size: medium (ensure short/medium/long threads); label-diversity: 'agent' present,Vault injects missing variable as a variable with <no_value> string value,hashicorp-vault,Vault assign wrong value to the variable instead of skipping it.,1.0,1.0,,,,1,usability,1.0,Usability,,44,original_sample_sheet,Usability,consensus_Usability_agreed
hashicorp/vault,18491,https://github.com/hashicorp/vault/issues/18491,2022-12-20 10:30:11+00:00,4,2,"ecosystem, k8s, ui",ecosystem,middle,long,time-stratum: middle (temporal coverage); thread-size: long (ensure short/medium/long threads); label-diversity: 'ecosystem' present,Access vault web UI with TLS enabed + raft,hashicorp-vault - UI,Vault UI with ingress is inaccesible ,1.0,1.0,,,,1,usability,1.0,Usability,,45,original_sample_sheet,Usability,consensus_Usability_agreed
hashicorp/vault,18573,https://github.com/hashicorp/vault/issues/18573,2022-12-30 04:15:00+00:00,2,1,"core/api, dependencies",core/api,middle,medium,time-stratum: middle (temporal coverage); thread-size: medium (ensure short/medium/long threads); label-diversity: 'core/api' present,HTTP 301 on wrong http address,hashicorp-vault - output,The user is expecting another output errors,1.0,1.0,,,,1,usability,1.0,Usability,,46,original_sample_sheet,Usability,consensus_Usability_agreed
hashicorp/vault,19155,https://github.com/hashicorp/vault/issues/19155,2023-02-11 09:20:03+00:00,1,1,ecosystem/plugin,ecosystem/plugin,middle,short,time-stratum: middle (temporal coverage); thread-size: short (ensure short/medium/long threads); label-diversity: 'ecosystem/plugin' present,[Plugin Portal] Plugin Submission - <PLUGIN NAME>,,,1.0,1.0,,,,1(0),non-usability,0.0,Non-usability,,47,original_sample_sheet,Non-usability,consensus_Usability_agreed
hashicorp/vault,19209,https://github.com/hashicorp/vault/issues/19209,2023-02-16 11:06:59+00:00,3,2,"auth/jwt-oidc, ecosystem, enhancement, feature-request",auth/jwt-oidc,middle,medium,time-stratum: middle (temporal coverage); thread-size: medium (ensure short/medium/long threads); label-diversity: 'auth/jwt-oidc' present,Support Signing JSON object and providing JWKS url,hashicorp-vault,Signing a JWT and providing JWKS URL is not  available to Azure,1.0,1.0,,,,1,usability,1.0,Usability,,48,original_sample_sheet,Usability,consensus_Usability_agreed
hashicorp/vault,19490,https://github.com/hashicorp/vault/issues/19490,2023-03-09 12:49:54+00:00,1,1,,,middle,short,time-stratum: middle (temporal coverage); thread-size: short (ensure short/medium/long threads),Cannot create JWT role through cli - error message user claim must be defined but it gets provided,hashicorp-vault - CLI,"Vault CLI cannot create vault role, but is resolved in another issue",0.0,1.0,,,,1,usability,1.0,Usability,,49,original_sample_sheet,Usability,consensus_Usability_agreed
hashicorp/vault,19568,https://github.com/hashicorp/vault/issues/19568,2023-03-15 21:09:49+00:00,6,4,"bug, ui",bug,middle,long,time-stratum: middle (temporal coverage); thread-size: long (ensure short/medium/long threads); label-diversity: 'bug' present,Vault Browser CLI issues,hashicorp-vault - CLI,CLI has formatting issue,1.0,1.0,,,,1,usability,1.0,Usability,,50,original_sample_sheet,Usability,consensus_Usability_agreed
hashicorp/vault,19697,https://github.com/hashicorp/vault/issues/19697,2023-03-23 12:07:53+00:00,0,0,"core/lease, feature-request",core/lease,middle,short,time-stratum: middle (temporal coverage); thread-size: short (ensure short/medium/long threads); label-diversity: 'core/lease' present,Lease since first use,hashicorp-vault,"A feature request track the lease after starting ""only"" the first time the token gets used.",,,,,,1,usability,1.0,Usability,,51,original_sample_sheet,Usability,consensus_Usability_agreed
hashicorp/vault,20272,https://github.com/hashicorp/vault/issues/20272,2023-04-20 09:25:39+00:00,2,2,"core/cli, enhancement",core/cli,middle,medium,time-stratum: middle (temporal coverage); thread-size: medium (ensure short/medium/long threads); label-diversity: 'core/cli' present,Support providing a different path for the internal token helper than ~/.vault-token (patch included),,,,,,,,1,Usability,1.0,Usability,,52,original_sample_sheet,Usability,consensus_Usability_agreed
hashicorp/vault,20589,https://github.com/hashicorp/vault/issues/20589,2023-05-15 16:04:28+00:00,2,2,,,middle,medium,time-stratum: middle (temporal coverage); thread-size: medium (ensure short/medium/long threads),Vercel is blocking PR process,,,,,,,,1(0),non-usability,0.0,Non-usability,,53,original_sample_sheet,Non-usability,consensus_Usability_agreed
hashicorp/vault,21521,https://github.com/hashicorp/vault/issues/21521,2023-06-30 14:52:27+00:00,5,2,core/seal,core/seal,middle,long,time-stratum: middle (temporal coverage); thread-size: long (ensure short/medium/long threads); label-diversity: 'core/seal' present,"Keyring corrupted: unseal failed, invalid key",,,,,,,,1,usability,1.0,Usability,,54,original_sample_sheet,Usability,consensus_Usability_agreed
hashicorp/vault,21976,https://github.com/hashicorp/vault/issues/21976,2023-07-20 17:00:49+00:00,2,2,ecosystem/plugin,ecosystem/plugin,middle,medium,time-stratum: middle (temporal coverage); thread-size: medium (ensure short/medium/long threads); label-diversity: 'ecosystem/plugin' present,`--args` in `vault plugin register` does not handle multiple arguments correctly when registering auth plugin. ,,,,,,,,1,usability,1.0,Usability,,55,original_sample_sheet,Usability,consensus_Usability_agreed
hashicorp/vault,22045,https://github.com/hashicorp/vault/issues/22045,2023-07-25 10:56:10+00:00,1,1,,,middle,short,time-stratum: middle (temporal coverage); thread-size: short (ensure short/medium/long threads),CI summary GitHub action fails on community PRs,,,,,,,,0,non-usability,1.0,Non-usability,,56,original_sample_sheet,Non-usability,consensus_Usability_agreed
hashicorp/vault,22214,https://github.com/hashicorp/vault/issues/22214,2023-08-05 09:56:45+00:00,3,3,question,question,middle,long,time-stratum: middle (temporal coverage); thread-size: long (ensure short/medium/long threads); label-diversity: 'question' present,JKS support in the Vault UI for easy management of the keystore,,,,,,,,1,usability,1.0,Usability,,57,original_sample_sheet,Usability,consensus_Usability_agreed
hashicorp/vault,22461,https://github.com/hashicorp/vault/issues/22461,2023-08-19 07:29:46+00:00,2,2,"auth/aws, core/auth",auth/aws,middle,medium,time-stratum: middle (temporal coverage); thread-size: medium (ensure short/medium/long threads); label-diversity: 'auth/aws' present,Add Role ARN to AWS IAM Authentication Entity Alias Names.,,,,,,,,1,usability,1.0,Usability,,58,original_sample_sheet,Usability,consensus_Usability_agreed
hashicorp/vault,22578,https://github.com/hashicorp/vault/issues/22578,2023-08-27 06:24:04+00:00,8,2,core/seal,core/seal,middle,long,time-stratum: middle (temporal coverage); thread-size: long (ensure short/medium/long threads); label-diversity: 'core/seal' present,GCPCKMS method starts pods in a crashloop,,,,,,,,1,non-usability(usability),0.0,Non-usability,,59,original_sample_sheet,Non-usability,consensus_Usability_agreed
hashicorp/vault,22602,https://github.com/hashicorp/vault/issues/22602,2023-08-29 11:09:52+00:00,1,1,"ecosystem, secret/aws",ecosystem,middle,short,time-stratum: middle (temporal coverage); thread-size: short (ensure short/medium/long threads); label-diversity: 'ecosystem' present,AWS Secrets Engine - Root IAM credentials can't be rotated with the region parameter set and AWS credentials can't be generated without the region parameter set,,,,,,,,1,usability,1.0,Usability,,60,original_sample_sheet,Usability,consensus_Usability_agreed
hashicorp/vault,23793,https://github.com/hashicorp/vault/issues/23793,2023-10-23 17:23:22+00:00,2,2,"auth/k8s, storage/dynamodb",auth/k8s,middle,medium,time-stratum: middle (temporal coverage); thread-size: medium (ensure short/medium/long threads); label-diversity: 'auth/k8s' present,Bug: failed to persist packed storage entry: ValidationException: Item size has exceeded the maximum allowed size,,,,,,,,1,usability,1.0,Usability,,61,original_sample_sheet,Usability,consensus_Usability_agreed
hashicorp/vault,23800,https://github.com/hashicorp/vault/issues/23800,2023-10-24 08:00:43+00:00,3,3,"auth/k8s, bug, ui",auth/k8s,middle,long,time-stratum: middle (temporal coverage); thread-size: long (ensure short/medium/long threads); label-diversity: 'auth/k8s' present,web UI can not list k8s roles,,,,,,,,1,usability,1.0,Usability,,62,original_sample_sheet,Usability,consensus_Usability_agreed
hashicorp/vault,23941,https://github.com/hashicorp/vault/issues/23941,2023-11-01 13:06:52+00:00,5,4,"core/policy, secret/kv, ui",core/policy,middle,long,time-stratum: middle (temporal coverage); thread-size: long (ensure short/medium/long threads); label-diversity: 'core/policy' present,UI - user can't delete secret,,,,,,,,1,usability,1.0,Usability,,63,original_sample_sheet,Usability,consensus_Usability_agreed
hashicorp/vault,24039,https://github.com/hashicorp/vault/issues/24039,2023-11-06 18:49:08+00:00,1,1,api-versioning,api-versioning,middle,medium,time-stratum: middle (temporal coverage); thread-size: medium (ensure short/medium/long threads); label-diversity: 'api-versioning' present,API: Endpoints change the error response format,,,,,,,,0(1),usability,0.0,Non-usability,,64,original_sample_sheet,Non-usability,consensus_Usability_agreed
hashicorp/vault,24255,https://github.com/hashicorp/vault/issues/24255,2023-11-27 11:53:02+00:00,0,0,"error-messages, feature-request",error-messages,middle,short,time-stratum: middle (temporal coverage); thread-size: short (ensure short/medium/long threads); label-diversity: 'error-messages' present,Error messages with more context,,,,,,,,1,usability,1.0,Usability,,65,original_sample_sheet,Usability,consensus_Usability_agreed
hashicorp/vault,24269,https://github.com/hashicorp/vault/issues/24269,2023-11-28 11:21:05+00:00,3,3,core/seal,core/seal,middle,long,time-stratum: middle (temporal coverage); thread-size: long (ensure short/medium/long threads); label-diversity: 'core/seal' present,alicloud kms deprecated in favour of dedicated kms ,,,,,,,,0(1),usability,0.0,Non-usability,,66,original_sample_sheet,Non-usability,consensus_Usability_agreed
hashicorp/vault,24604,https://github.com/hashicorp/vault/issues/24604,2023-12-20 20:14:10+00:00,0,0,,,middle,short,time-stratum: middle (temporal coverage); thread-size: short (ensure short/medium/long threads),"""publishNotReadyAddresses: false"" Prevents new vault nodes from joining raft.",,,,,,,,0,non-usability,1.0,Non-usability,,67,original_sample_sheet,Non-usability,consensus_Usability_agreed
hashicorp/vault,24617,https://github.com/hashicorp/vault/issues/24617,2023-12-21 03:34:06+00:00,0,0,,,middle,short,time-stratum: middle (temporal coverage); thread-size: short (ensure short/medium/long threads),Vault uses mysql and restarts regularly,,,,,,,,1,usability,1.0,Usability,,68,original_sample_sheet,Usability,consensus_Usability_agreed
hashicorp/vault,24725,https://github.com/hashicorp/vault/issues/24725,2024-01-09 15:11:28+00:00,0,0,,,late,short,time-stratum: late (temporal coverage); thread-size: short (ensure short/medium/long threads),Incorrect processing of sinks `aad_env_var` with proxy/agent,,,,,,,,1,usability,1.0,Usability,,69,original_sample_sheet,Usability,consensus_Usability_agreed
hashicorp/vault,24853,https://github.com/hashicorp/vault/issues/24853,2024-01-13 20:50:08+00:00,1,1,,,late,medium,time-stratum: late (temporal coverage); thread-size: medium (ensure short/medium/long threads),"Allow multiple aliases for the same (entity, mount_accessor) tuple",,,,,,,,1,usability,1.0,Usability,,70,original_sample_sheet,Usability,consensus_Usability_agreed
hashicorp/vault,24956,https://github.com/hashicorp/vault/issues/24956,2024-01-19 14:11:10+00:00,0,0,,,late,short,time-stratum: late (temporal coverage); thread-size: short (ensure short/medium/long threads),Tailscale Auth Method,,,,,,,,0(1),usability,0.0,Non-usability,,71,original_sample_sheet,Non-usability,consensus_Usability_agreed
hashicorp/vault,25506,https://github.com/hashicorp/vault/issues/25506,2024-02-19 09:31:55+00:00,1,1,"core/cli, secret/kv",core/cli,late,medium,time-stratum: late (temporal coverage); thread-size: medium (ensure short/medium/long threads); label-diversity: 'core/cli' present,Vault CLI KV2 undelete still fails for multi-level paths,,,,,,,,1,usability,1.0,Usability,,72,original_sample_sheet,Usability,consensus_Usability_agreed
hashicorp/vault,26164,https://github.com/hashicorp/vault/issues/26164,2024-03-26 17:20:01+00:00,0,0,auth/approle,auth/approle,late,short,time-stratum: late (temporal coverage); thread-size: short (ensure short/medium/long threads); label-diversity: 'auth/approle' present,approle user_lockout_duration doesn't work,,,,,,,,1,usability,0.0,Non-usability,,73,original_sample_sheet,Non-usability,consensus_Usability_agreed
hashicorp/vault,26180,https://github.com/hashicorp/vault/issues/26180,2024-03-27 15:48:49+00:00,8,4,core,core,late,long,time-stratum: late (temporal coverage); thread-size: long (ensure short/medium/long threads); label-diversity: 'core' present,GET /sys/mounts/:path is presenting unexpected errors,,,,,,,,1,usability,1.0,Usability,,74,original_sample_sheet,Usability,consensus_Usability_agreed
hashicorp/vault,27343,https://github.com/hashicorp/vault/issues/27343,2024-06-04 09:36:31+00:00,19,10,"auth/jwt-oidc, bug",auth/jwt-oidc,late,long,time-stratum: late (temporal coverage); thread-size: long (ensure short/medium/long threads); label-diversity: 'auth/jwt-oidc' present,JWT authentication checks bound_audiences despite bound_claims is defined in v1.16.3,,,,,,,,1,usability,1.0,Usability,,75,original_sample_sheet,Usability,consensus_Usability_agreed
hashicorp/vault,27344,https://github.com/hashicorp/vault/issues/27344,2024-06-04 10:58:46+00:00,0,0,"core, core/ha, storage/raft",core,late,short,time-stratum: late (temporal coverage); thread-size: short (ensure short/medium/long threads); label-diversity: 'core' present,New nodes cannot join to existing cluster,,,,,,,,1,non-usability(usability),0.0,Non-usability,,76,original_sample_sheet,Non-usability,consensus_Usability_agreed
hashicorp/vault,27805,https://github.com/hashicorp/vault/issues/27805,2024-07-18 03:59:36+00:00,0,0,"enhancement, secret/database",enhancement,late,short,time-stratum: late (temporal coverage); thread-size: short (ensure short/medium/long threads); label-diversity: 'enhancement' present,Add support for private keys for database authentication to use passphrases,,,,,,,,0,usability,0.0,Non-usability,,77,original_sample_sheet,Non-usability,consensus_Usability_agreed
hashicorp/vault,27935,https://github.com/hashicorp/vault/issues/27935,2024-08-01 12:49:39+00:00,5,2,"dependencies, release/packaging",dependencies,late,long,time-stratum: late (temporal coverage); thread-size: long (ensure short/medium/long threads); label-diversity: 'dependencies' present,Packaging switch from valid `simple` unit to `notify` unit results in abandoned processes.,,,,,,,,1,usability,1.0,Usability,,78,original_sample_sheet,Usability,consensus_Usability_agreed
hashicorp/vault,28073,https://github.com/hashicorp/vault/issues/28073,2024-08-14 06:09:58+00:00,4,2,"auth/okta, core/auth, feature-request",auth/okta,late,long,time-stratum: late (temporal coverage); thread-size: long (ensure short/medium/long threads); label-diversity: 'auth/okta' present,"Unseal Vault using Android, or Iphone - Vault App",,,,,,,,0,usability (the issue does not use the usual template but it describes the ),0.0,Non-usability,,79,original_sample_sheet,Non-usability,consensus_Usability_agreed
hashicorp/vault,28457,https://github.com/hashicorp/vault/issues/28457,2024-09-20 07:02:59+00:00,1,1,,,late,medium,time-stratum: late (temporal coverage); thread-size: medium (ensure short/medium/long threads),Adding Elestio as deployment option,,,,,,,,0,usability,0.0,Non-usability,,80,original_sample_sheet,Non-usability,consensus_Usability_agreed
hashicorp/vault,28738,https://github.com/hashicorp/vault/issues/28738,2024-10-21 09:38:22+00:00,6,2,"secret/database, waiting-for-response",secret/database,late,long,time-stratum: late (temporal coverage); thread-size: long (ensure short/medium/long threads); label-diversity: 'secret/database' present,Vault executing revocation statements before postgresql credentials expiry ,,,,,,,,1,non-usability,0.0,Non-usability,,81,original_sample_sheet,Non-usability,consensus_Usability_agreed
hashicorp/vault,28792,https://github.com/hashicorp/vault/issues/28792,2024-10-29 14:13:41+00:00,3,2,"core/token, reproduced",core/token,late,long,time-stratum: late (temporal coverage); thread-size: long (ensure short/medium/long threads); label-diversity: 'core/token' present,Vault api sending multiple errors as a single string in json,,,,,,,,1,usability,1.0,Usability,,82,original_sample_sheet,Usability,consensus_Usability_agreed
hashicorp/vault,28993,https://github.com/hashicorp/vault/issues/28993,2024-11-22 16:42:51+00:00,3,2,"core/policy, question",core/policy,late,long,time-stratum: late (temporal coverage); thread-size: long (ensure short/medium/long threads); label-diversity: 'core/policy' present,VAULT login Method OIDC : default path,,,,,,,,1,usability,1.0,Usability,,83,original_sample_sheet,Usability,consensus_Usability_agreed
hashicorp/vault,29033,https://github.com/hashicorp/vault/issues/29033,2024-11-26 22:09:21+00:00,5,3,"core/ha, question",core/ha,late,long,time-stratum: late (temporal coverage); thread-size: long (ensure short/medium/long threads); label-diversity: 'core/ha' present,"Leader unresponsive, unavailable",,,,,,,,1,usability,1.0,Usability,,84,original_sample_sheet,Usability,consensus_Usability_agreed
hashicorp/vault,29099,https://github.com/hashicorp/vault/issues/29099,2024-12-05 02:50:35+00:00,6,2,,,late,long,time-stratum: late (temporal coverage); thread-size: long (ensure short/medium/long threads),Cannot configure working HTTPS Vault installation? Vault program broken (vs. lack of documentation)?,,,,,,,,1,usability,1.0,Usability,,85,original_sample_sheet,Usability,consensus_Usability_agreed
hashicorp/vault,29101,https://github.com/hashicorp/vault/issues/29101,2024-12-05 11:31:36+00:00,3,2,"feature-request, ui",feature-request,late,long,time-stratum: late (temporal coverage); thread-size: long (ensure short/medium/long threads); label-diversity: 'feature-request' present,Please make namespaces navigation more user friendly,,,,,,,,1,usability,1.0,Usability,,86,original_sample_sheet,Usability,consensus_Usability_agreed
hashicorp/vault,29179,https://github.com/hashicorp/vault/issues/29179,2024-12-13 11:10:59+00:00,1,1,"agent, bug",agent,late,medium,time-stratum: late (temporal coverage); thread-size: medium (ensure short/medium/long threads); label-diversity: 'agent' present,Vault agent randomly fails to authenticate ,,,,,,,,1,non-usability,0.0,Non-usability,,87,original_sample_sheet,Non-usability,consensus_Usability_agreed
hashicorp/vault,29287,https://github.com/hashicorp/vault/issues/29287,2025-01-06 14:24:48+00:00,1,1,secret/kv,secret/kv,late,medium,time-stratum: late (temporal coverage); thread-size: medium (ensure short/medium/long threads); label-diversity: 'secret/kv' present,Conditional policies,,,,,,,,1,usability,1.0,Usability,,88,original_sample_sheet,Usability,consensus_Usability_agreed
hashicorp/vault,29362,https://github.com/hashicorp/vault/issues/29362,2025-01-16 13:54:06+00:00,2,2,secret/pki,secret/pki,late,medium,time-stratum: late (temporal coverage); thread-size: medium (ensure short/medium/long threads); label-diversity: 'secret/pki' present,The Generate root API doesn't consider changes of field `key_usage`,,,,,,,,1,usability,1.0,Usability,,89,original_sample_sheet,Usability,consensus_Usability_agreed
hashicorp/vault,29417,https://github.com/hashicorp/vault/issues/29417,2025-01-24 23:37:34+00:00,0,0,"bug, release/build",bug,late,short,time-stratum: late (temporal coverage); thread-size: short (ensure short/medium/long threads); label-diversity: 'bug' present,Using a shell to exec the `token_helper` is unreliable,,,,,,,,1,"non-usability(usability (user's body_text shows he cited another issue[https://github.com/hashicorp/vault/blob/04e75372fb30a4ec03645ca1de60bba54c2bc9dc/api/tokenhelper/helper_external.go#L23], meaning he hasread some form of guide))",0.0,Non-usability,,90,original_sample_sheet,Non-usability,consensus_Usability_agreed
hashicorp/vault,29928,https://github.com/hashicorp/vault/issues/29928,2025-03-14 16:13:17+00:00,0,0,secret/pki,secret/pki,late,short,time-stratum: late (temporal coverage); thread-size: short (ensure short/medium/long threads); label-diversity: 'secret/pki' present,PKI sign not_after can exceed max_ttl,,,,,,,,1,usability,1.0,Usability,,91,original_sample_sheet,Usability,consensus_Usability_agreed
hashicorp/vault,30362,https://github.com/hashicorp/vault/issues/30362,2025-04-24 07:06:01+00:00,1,1,"enhancement, secret/pki",enhancement,late,medium,time-stratum: late (temporal coverage); thread-size: medium (ensure short/medium/long threads); label-diversity: 'enhancement' present,Limit PKI role to allow hostnames without domain part (shortname) as SAN,,,,,,,,1,usability,1.0,Usability,,92,original_sample_sheet,Usability,consensus_Usability_agreed
hashicorp/vault,30858,https://github.com/hashicorp/vault/issues/30858,2025-06-05 10:44:24+00:00,1,1,"docs, tls",docs,late,medium,time-stratum: late (temporal coverage); thread-size: medium (ensure short/medium/long threads); label-diversity: 'docs' present,Docs: Improve tcp-tls docs regarding tls ciphers,,,,,,,,1,usability,1.0,Usability,,93,original_sample_sheet,Usability,consensus_Usability_agreed
hashicorp/vault,31343,https://github.com/hashicorp/vault/issues/31343,2025-07-21 18:34:38+00:00,0,0,"core/seal, enhancement",core/seal,late,short,time-stratum: late (temporal coverage); thread-size: short (ensure short/medium/long threads); label-diversity: 'core/seal' present,IBMCloud Auto Unseal,,,,,,,,0,non-usability,1.0,Non-usability,,94,original_sample_sheet,Non-usability,consensus_Usability_agreed
hashicorp/vault,31372,https://github.com/hashicorp/vault/issues/31372,2025-07-24 22:04:56+00:00,0,0,"bug, storage/raft",bug,late,short,time-stratum: late (temporal coverage); thread-size: short (ensure short/medium/long threads); label-diversity: 'bug' present,Can't use AWS auto-join in me-central-1 region since v1.20.0,,,,,,,,1,usability,0.0,Non-usability,,95,original_sample_sheet,Non-usability,consensus_Usability_agreed
hashicorp/vault,31615,https://github.com/hashicorp/vault/issues/31615,2025-10-30 16:49:59+00:00,0,0,core/telemetry,core/telemetry,late,short,time-stratum: late (temporal coverage); thread-size: short (ensure short/medium/long threads); label-diversity: 'core/telemetry' present,operator diagnose reports incorrect error for telemetry configuration,,,,,,,,0,usability,0.0,Non-usability,,96,original_sample_sheet,Non-usability,consensus_Usability_agreed
hashicorp/vault,31621,https://github.com/hashicorp/vault/issues/31621,2025-10-31 22:58:05+00:00,1,1,sdk,sdk,late,medium,time-stratum: late (temporal coverage); thread-size: medium (ensure short/medium/long threads); label-diversity: 'sdk' present,SDK: framework.TypeKVPairs only handles one KV pair.,,,,,,,,1,usability,1.0,Usability,,97,original_sample_sheet,Usability,consensus_Usability_agreed
notaryproject/notation,211,https://github.com/notaryproject/notation/issues/211,2022-06-28 07:02:17+00:00,8,3,bug,bug,early,long,time-stratum: early (temporal coverage); thread-size: long (ensure short/medium/long threads); label-diversity: 'bug' present,notation auth to CNCF ORAS registry,,,,,,,,1,usability,1.0,Usability,,98,original_sample_sheet,Usability,consensus_Usability_agreed
notaryproject/notation,233,https://github.com/notaryproject/notation/issues/233,2022-07-06 23:26:22+00:00,2,1,Stale,Stale,early,medium,time-stratum: early (temporal coverage); thread-size: medium (ensure short/medium/long threads); label-diversity: 'Stale' present,Update notation pull command,,,,,,,,1,non-usability,0.0,Non-usability,,99,original_sample_sheet,Non-usability,consensus_Usability_agreed
notaryproject/notation,320,https://github.com/notaryproject/notation/issues/320,2022-08-30 06:25:45+00:00,16,5,,,early,long,time-stratum: early (temporal coverage); thread-size: long (ensure short/medium/long threads),Failed to sign images using self-signed certificates created from Key vault,,,,,,,,1,usability,1.0,Usability,,100,original_sample_sheet,Usability,consensus_Usability_agreed
notaryproject/notation,379,https://github.com/notaryproject/notation/issues/379,2022-10-12 04:16:26+00:00,2,2,,,early,medium,time-stratum: early (temporal coverage); thread-size: medium (ensure short/medium/long threads),"Remove signature cache for all(sign, verify, etc) command.",,,,,,,,,Non-usability,,,,101,human_issue_file,Non-usability,human_issue_file
notaryproject/notation,383,https://github.com/notaryproject/notation/issues/383,2022-10-12 16:05:27+00:00,0,0,UX,UX,early,short,time-stratum: early (temporal coverage); thread-size: short (ensure short/medium/long threads); label-diversity: 'UX' present,Add examples for notation command help doc,,,,,,,,,Usability,,,,102,human_issue_file,Usability,human_issue_file
notaryproject/notation,547,https://github.com/notaryproject/notation/issues/547,2023-02-10 04:15:41+00:00,3,3,documentation,documentation,middle,medium,time-stratum: middle (temporal coverage); thread-size: medium (ensure short/medium/long threads); label-diversity: 'documentation' present,`SkippedByTrustPolicy` from JSON output of `notation verify` is not documented,,,,,,,,,Usability,,,,103,human_issue_file,Usability,human_issue_file
notaryproject/notation,574,https://github.com/notaryproject/notation/issues/574,2023-02-28 07:26:32+00:00,1,1,"enhancement, triage",enhancement,middle,short,time-stratum: middle (temporal coverage); thread-size: short (ensure short/medium/long threads); label-diversity: 'enhancement' present,Change the default signature manifest,,,,,,,,,Usability,,,,104,human_issue_file,Usability,human_issue_file
notaryproject/notation,655,https://github.com/notaryproject/notation/issues/655,2023-04-28 21:42:30+00:00,0,0,enhancement,enhancement,middle,short,time-stratum: middle (temporal coverage); thread-size: short (ensure short/medium/long threads); label-diversity: 'enhancement' present,Image Verification for containerd,,,,,,,,,Usability,,,,105,human_issue_file,Usability,human_issue_file
notaryproject/notation,659,https://github.com/notaryproject/notation/issues/659,2023-05-09 06:00:27+00:00,25,6,bug,bug,middle,long,time-stratum: middle (temporal coverage); thread-size: long (ensure short/medium/long threads); label-diversity: 'bug' present,"Mark feature ""support OCI Referrer API"" as experimental feature",,,,,,,,,Usability,,,,106,human_issue_file,Usability,human_issue_file
notaryproject/notation,671,https://github.com/notaryproject/notation/issues/671,2023-05-17 15:30:57+00:00,5,4,"bug, triage",bug,middle,long,time-stratum: middle (temporal coverage); thread-size: long (ensure short/medium/long threads); label-diversity: 'bug' present,Vote for release of 1.0.0-rc.5 of notation CLI ,,,,,,,,,Non-usability,,,,107,human_issue_file,Non-usability,human_issue_file
notaryproject/notation,829,https://github.com/notaryproject/notation/issues/829,2023-11-12 15:04:38+00:00,5,3,enhancement,enhancement,late,long,time-stratum: late (temporal coverage); thread-size: long (ensure short/medium/long threads); label-diversity: 'enhancement' present,docs: invalid signing time fail to sign prompt improvement,,,,,,,,,Usability,,,,108,human_issue_file,Usability,human_issue_file
notaryproject/notation,851,https://github.com/notaryproject/notation/issues/851,2023-12-19 09:00:22+00:00,0,0,bug,bug,late,short,time-stratum: late (temporal coverage); thread-size: short (ensure short/medium/long threads); label-diversity: 'bug' present,Fix of setHttpDebugLog function,,,,,,,,,Non-usability,,,,109,human_issue_file,Non-usability,human_issue_file
notaryproject/notation,880,https://github.com/notaryproject/notation/issues/880,2024-01-29 23:55:42+00:00,5,2,Stale,Stale,late,long,time-stratum: late (temporal coverage); thread-size: long (ensure short/medium/long threads); label-diversity: 'Stale' present,Plan for Notation 1.2.0 release,,,,,,,,,Non-usability,,,,110,human_issue_file,Non-usability,human_issue_file
notaryproject/notation,1012,https://github.com/notaryproject/notation/issues/1012,2024-08-16 01:07:06+00:00,1,1,documentation,documentation,late,medium,time-stratum: late (temporal coverage); thread-size: medium (ensure short/medium/long threads); label-diversity: 'documentation' present,Clean up blob sign/verify specs in `v1.1.1`,,,,,,,,,Usability,,,,111,human_issue_file,Usability,human_issue_file
notaryproject/notation,1239,https://github.com/notaryproject/notation/issues/1239,2025-03-26 03:00:21+00:00,0,0,enhancement,enhancement,late,short,time-stratum: late (temporal coverage); thread-size: short (ensure short/medium/long threads); label-diversity: 'enhancement' present,Delete the named store dir if empty after `notation cert delete`,,,,,,,,,Usability,,,,112,human_issue_file,Usability,human_issue_file
openpubkey/openpubkey,4,https://github.com/openpubkey/openpubkey/issues/4,2023-09-20 13:14:15+00:00,0,0,,,early,short,time-stratum: early (temporal coverage); thread-size: short (ensure short/medium/long threads),Add pluggability for OIDC providers,,,,,,,,,Usability,,,,113,human_issue_file,Usability,human_issue_file
openpubkey/openpubkey,61,https://github.com/openpubkey/openpubkey/issues/61,2023-11-15 18:00:33+00:00,3,3,,,early,long,time-stratum: early (temporal coverage); thread-size: long (ensure short/medium/long threads),How do we deal with missing/non-unique `kid` on JWKS endpoint?,,,,,,,,,Usability,,,,114,human_issue_file,Usability,human_issue_file
openpubkey/openpubkey,100,https://github.com/openpubkey/openpubkey/issues/100,2024-02-19 23:18:09+00:00,1,1,enhancement,enhancement,early,medium,time-stratum: early (temporal coverage); thread-size: medium (ensure short/medium/long threads); label-diversity: 'enhancement' present,Design for Gitlab CI support ,,,,,,,,,Usability,,,,115,human_issue_file,Usability,human_issue_file
openpubkey/openpubkey,137,https://github.com/openpubkey/openpubkey/issues/137,2024-03-18 21:46:49+00:00,1,1,enhancement,enhancement,middle,medium,time-stratum: middle (temporal coverage); thread-size: medium (ensure short/medium/long threads); label-diversity: 'enhancement' present,Add support for verifying by JTK in VerifyProvider if not kid is found,,,,,,,,,Usability,,,,116,human_issue_file,Usability,human_issue_file
openpubkey/openpubkey,157,https://github.com/openpubkey/openpubkey/issues/157,2024-03-26 23:49:20+00:00,0,0,enhancement,enhancement,middle,short,time-stratum: middle (temporal coverage); thread-size: short (ensure short/medium/long threads); label-diversity: 'enhancement' present,Investigate RSA SecurID OpenID Provider,,,,,,,,,Non-usability,,,,117,human_issue_file,Non-usability,human_issue_file
openpubkey/openpubkey,226,https://github.com/openpubkey/openpubkey/issues/226,2025-01-31 02:00:34+00:00,0,0,enhancement,enhancement,late,short,time-stratum: late (temporal coverage); thread-size: short (ensure short/medium/long threads); label-diversity: 'enhancement' present,Singleton to manage user's browser window,,,,,,,,,Usability,,,,118,human_issue_file,Usability,human_issue_file
openpubkey/openpubkey,254,https://github.com/openpubkey/openpubkey/issues/254,2025-02-19 00:36:40+00:00,0,0,documentation,documentation,late,medium,time-stratum: late (temporal coverage); thread-size: medium (ensure short/medium/long threads); label-diversity: 'documentation' present,Create support/test matrix for opkssh,,,,,,,,,Usability,,,,119,human_issue_file,Usability,human_issue_file
sigstore/cosign,1048,https://github.com/sigstore/cosign/issues/1048,2021-11-14 01:55:50+00:00,0,0,enhancement,enhancement,early,short,time-stratum: early (temporal coverage); thread-size: short (ensure short/medium/long threads); label-diversity: 'enhancement' present,Machine-Readable output for a few cosign subcommands,,,,,,,,,Usability,,,,120,human_issue_file,Usability,human_issue_file
sigstore/cosign,1215,https://github.com/sigstore/cosign/issues/1215,2021-12-15 13:48:25+00:00,2,2,enhancement,enhancement,early,medium,time-stratum: early (temporal coverage); thread-size: medium (ensure short/medium/long threads); label-diversity: 'enhancement' present,Prefer using the unencrypted key for signing images so we don't have to manage the encrypted key and the password.,,,,,,,,,Usability,,,,121,human_issue_file,Usability,human_issue_file
sigstore/cosign,1288,https://github.com/sigstore/cosign/issues/1288,2022-01-07 20:22:34+00:00,0,0,enhancement,enhancement,early,short,time-stratum: early (temporal coverage); thread-size: short (ensure short/medium/long threads); label-diversity: 'enhancement' present,Add cosign configuration file,,,,,,,,,Usability,,,,122,human_issue_file,Usability,human_issue_file
sigstore/cosign,1321,https://github.com/sigstore/cosign/issues/1321,2022-01-14 20:13:38+00:00,4,3,enhancement,enhancement,early,long,time-stratum: early (temporal coverage); thread-size: long (ensure short/medium/long threads); label-diversity: 'enhancement' present,Add DSSE support to verify-attestation,,,,,,,,,Usability,,,,123,human_issue_file,Usability,human_issue_file
sigstore/cosign,1323,https://github.com/sigstore/cosign/issues/1323,2022-01-15 11:48:30+00:00,0,0,,,early,short,time-stratum: early (temporal coverage); thread-size: short (ensure short/medium/long threads),Fix code scanning alert - Pinned-Dependencies,,,,,,,,,Non-usability,,,,124,human_issue_file,Non-usability,human_issue_file
sigstore/cosign,1385,https://github.com/sigstore/cosign/issues/1385,2022-02-01 03:06:54+00:00,3,1,enhancement,enhancement,early,medium,time-stratum: early (temporal coverage); thread-size: medium (ensure short/medium/long threads); label-diversity: 'enhancement' present,Review unit and integration tests,,,,,,,,,Non-usability,,,,125,human_issue_file,Non-usability,human_issue_file
sigstore/cosign,1443,https://github.com/sigstore/cosign/issues/1443,2022-02-10 23:09:17+00:00,6,4,"no-issue-activity, question",no-issue-activity,early,long,time-stratum: early (temporal coverage); thread-size: long (ensure short/medium/long threads); label-diversity: 'no-issue-activity' present,Can cosign replace SignTool.exe for Windows Binaries?,,,,,,,,,Usability,,,,126,human_issue_file,Usability,human_issue_file
sigstore/cosign,1554,https://github.com/sigstore/cosign/issues/1554,2022-03-04 21:47:42+00:00,33,5,enhancement,enhancement,early,long,time-stratum: early (temporal coverage); thread-size: long (ensure short/medium/long threads); label-diversity: 'enhancement' present,Allow specifying CA chain when not using Fulcio,,,,,,,,,Usability,,,,127,human_issue_file,Usability,human_issue_file
sigstore/cosign,1642,https://github.com/sigstore/cosign/issues/1642,2022-03-21 20:14:34+00:00,2,2,enhancement,enhancement,early,medium,time-stratum: early (temporal coverage); thread-size: medium (ensure short/medium/long threads); label-diversity: 'enhancement' present,[cosigned] Enforce authority key errors ,,,,,,,,,Usability,,,,128,human_issue_file,Usability,human_issue_file
sigstore/cosign,1653,https://github.com/sigstore/cosign/issues/1653,2022-03-24 03:53:58+00:00,28,8,question,question,early,long,time-stratum: early (temporal coverage); thread-size: long (ensure short/medium/long threads); label-diversity: 'question' present,Does webhook pull images for the sidecar and/ or multiple image repos,,,,,,,,,Usability,,,,129,human_issue_file,Usability,human_issue_file
sigstore/cosign,1655,https://github.com/sigstore/cosign/issues/1655,2022-03-24 22:26:36+00:00,7,5,enhancement,enhancement,early,long,time-stratum: early (temporal coverage); thread-size: long (ensure short/medium/long threads); label-diversity: 'enhancement' present,Allow specifying ImagePullSecrets in ClusterImagePolicies,,,,,,,,,Usability,,,,130,human_issue_file,Usability,human_issue_file
sigstore/cosign,1847,https://github.com/sigstore/cosign/issues/1847,2022-05-06 13:44:25+00:00,1,1,bug,bug,early,short,time-stratum: early (temporal coverage); thread-size: short (ensure short/medium/long threads); label-diversity: 'bug' present,`--certificate` or `--cert`?,,,,,,,,,Usability,,,,131,human_issue_file,Usability,human_issue_file
sigstore/cosign,1853,https://github.com/sigstore/cosign/issues/1853,2022-05-07 02:24:33+00:00,2,2,bug,bug,early,medium,time-stratum: early (temporal coverage); thread-size: medium (ensure short/medium/long threads); label-diversity: 'bug' present,"""make cosign"" fails with missing ',' in argument list and malformed module path ""embed""",,,,,,,,,Usability,,,,132,human_issue_file,Usability,human_issue_file
sigstore/cosign,1994,https://github.com/sigstore/cosign/issues/1994,2022-06-14 13:45:13+00:00,3,2,,,early,medium,time-stratum: early (temporal coverage); thread-size: medium (ensure short/medium/long threads),cosign doesn't get image metadata from JFrog Artifactory Enterprise 6.16.0 rev 61600900,,,,,,,,,Usability,,,,133,human_issue_file,Usability,human_issue_file
sigstore/cosign,2053,https://github.com/sigstore/cosign/issues/2053,2022-07-06 19:03:37+00:00,0,0,enhancement,enhancement,middle,short,time-stratum: middle (temporal coverage); thread-size: short (ensure short/medium/long threads); label-diversity: 'enhancement' present,Rename --k8s-keychain flag,,,,,,,,,Usability,,,,134,human_issue_file,Usability,human_issue_file
sigstore/cosign,2068,https://github.com/sigstore/cosign/issues/2068,2022-07-13 17:54:12+00:00,3,3,bug,bug,middle,medium,time-stratum: middle (temporal coverage); thread-size: medium (ensure short/medium/long threads); label-diversity: 'bug' present,Digest mismatch when fetching module version v1.9.0,,,,,,,,,Non-usability,,,,135,human_issue_file,Non-usability,human_issue_file
sigstore/cosign,2097,https://github.com/sigstore/cosign/issues/2097,2022-07-23 19:57:58+00:00,6,3,"enhancement, good first issue",enhancement,middle,long,time-stratum: middle (temporal coverage); thread-size: long (ensure short/medium/long threads); label-diversity: 'enhancement' present,sign-blob attemps to read the whole file into memory,,,,,,,,,Usability,,,,136,human_issue_file,Usability,human_issue_file
sigstore/cosign,2382,https://github.com/sigstore/cosign/issues/2382,2022-10-25 19:47:05+00:00,0,0,enhancement,enhancement,middle,short,time-stratum: middle (temporal coverage); thread-size: short (ensure short/medium/long threads); label-diversity: 'enhancement' present,Require embedded SCT on verification by default,,,,,,,,,Usability,,,,137,human_issue_file,Usability,human_issue_file
sigstore/cosign,2419,https://github.com/sigstore/cosign/issues/2419,2022-11-07 18:52:24+00:00,3,2,enhancement,enhancement,middle,medium,time-stratum: middle (temporal coverage); thread-size: medium (ensure short/medium/long threads); label-diversity: 'enhancement' present,Remove non-GA APIs from experimental sign-blob verification flow,,,,,,,,,Usability,,,,138,human_issue_file,Usability,human_issue_file
sigstore/cosign,2462,https://github.com/sigstore/cosign/issues/2462,2022-11-16 00:41:32+00:00,5,3,enhancement,enhancement,middle,long,time-stratum: middle (temporal coverage); thread-size: long (ensure short/medium/long threads); label-diversity: 'enhancement' present,verify* subcommands should share signature verification flag parsing,,,,,,,,,Usability,,,,139,human_issue_file,Usability,human_issue_file
sigstore/cosign,2516,https://github.com/sigstore/cosign/issues/2516,2022-12-06 21:42:15+00:00,3,3,bug,bug,middle,medium,time-stratum: middle (temporal coverage); thread-size: medium (ensure short/medium/long threads); label-diversity: 'bug' present,"Encourage signing OCI artifacts that *you* produced, not that the registry gives you",,,,,,,,,Usability,,,,140,human_issue_file,Usability,human_issue_file
sigstore/cosign,2518,https://github.com/sigstore/cosign/issues/2518,2022-12-06 23:52:21+00:00,3,2,bug,bug,middle,medium,time-stratum: middle (temporal coverage); thread-size: medium (ensure short/medium/long threads); label-diversity: 'bug' present,Cosign versioning policy: make one and enforce it,,,,,,,,,Usability,,,,141,human_issue_file,Usability,human_issue_file
sigstore/cosign,2568,https://github.com/sigstore/cosign/issues/2568,2022-12-21 19:45:44+00:00,10,6,enhancement,enhancement,middle,long,time-stratum: middle (temporal coverage); thread-size: long (ensure short/medium/long threads); label-diversity: 'enhancement' present,FR: BYO PKI Revocation: CA-issued cert,,,,,,,,,Usability,,,,142,human_issue_file,Usability,human_issue_file
sigstore/cosign,2593,https://github.com/sigstore/cosign/issues/2593,2023-01-04 19:42:42+00:00,0,0,enhancement,enhancement,middle,short,time-stratum: middle (temporal coverage); thread-size: short (ensure short/medium/long threads); label-diversity: 'enhancement' present,feat: Cleanup KeyOpts for irrelevant options.,,,,,,,,,Usability,,,,143,human_issue_file,Usability,human_issue_file
sigstore/cosign,2832,https://github.com/sigstore/cosign/issues/2832,2023-03-23 17:01:38+00:00,1,1,enhancement,enhancement,middle,short,time-stratum: middle (temporal coverage); thread-size: short (ensure short/medium/long threads); label-diversity: 'enhancement' present,Add quiet flag to cosign cli,,,,,,,,,Usability,,,,144,human_issue_file,Usability,human_issue_file
sigstore/cosign,2858,https://github.com/sigstore/cosign/issues/2858,2023-04-03 14:34:15+00:00,7,5,question,question,middle,long,time-stratum: middle (temporal coverage); thread-size: long (ensure short/medium/long threads); label-diversity: 'question' present,How to reproduce v1.13 behaviour with v2 in a BYO PKI scenario,,,,,,,,,Usability,,,,145,human_issue_file,Usability,human_issue_file
sigstore/cosign,3025,https://github.com/sigstore/cosign/issues/3025,2023-06-01 11:38:57+00:00,1,1,"bug, duplicate",bug,middle,short,time-stratum: middle (temporal coverage); thread-size: short (ensure short/medium/long threads); label-diversity: 'bug' present,Issue creating a Key in AKV using Cosign tool ,,,,,,,,,Usability,,,,146,human_issue_file,Usability,human_issue_file
sigstore/cosign,3235,https://github.com/sigstore/cosign/issues/3235,2023-09-11 21:12:55+00:00,0,0,enhancement,enhancement,late,short,time-stratum: late (temporal coverage); thread-size: short (ensure short/medium/long threads); label-diversity: 'enhancement' present,How to verify custom attestations,,,,,,,,,Usability,,,,147,human_issue_file,Usability,human_issue_file
sigstore/cosign,3260,https://github.com/sigstore/cosign/issues/3260,2023-09-25 20:03:01+00:00,3,2,enhancement,enhancement,late,medium,time-stratum: late (temporal coverage); thread-size: medium (ensure short/medium/long threads); label-diversity: 'enhancement' present,Improve `dockerfile verify`,,,,,,,,,Usability,,,,148,human_issue_file,Usability,human_issue_file
sigstore/cosign,3330,https://github.com/sigstore/cosign/issues/3330,2023-10-30 16:05:21+00:00,4,3,enhancement,enhancement,late,long,time-stratum: late (temporal coverage); thread-size: long (ensure short/medium/long threads); label-diversity: 'enhancement' present,No artifact sig files for package manager files?,,,,,,,,,Usability,,,,149,human_issue_file,Usability,human_issue_file
sigstore/cosign,3340,https://github.com/sigstore/cosign/issues/3340,2023-11-06 10:59:50+00:00,1,1,question,question,late,short,time-stratum: late (temporal coverage); thread-size: short (ensure short/medium/long threads); label-diversity: 'question' present,Cosign keyless image signing with Azure,,,,,,,,,Usability,,,,150,human_issue_file,Usability,human_issue_file
sigstore/cosign,3343,https://github.com/sigstore/cosign/issues/3343,2023-11-06 19:57:08+00:00,3,1,"enhancement, good first issue",enhancement,late,medium,time-stratum: late (temporal coverage); thread-size: medium (ensure short/medium/long threads); label-diversity: 'enhancement' present,Add end-to-end testing for PKCS11 token signing,,,,,,,,,Usability,,,,151,human_issue_file,Usability,human_issue_file
sigstore/cosign,3368,https://github.com/sigstore/cosign/issues/3368,2023-11-16 12:22:16+00:00,4,2,question,question,late,long,time-stratum: late (temporal coverage); thread-size: long (ensure short/medium/long threads); label-diversity: 'question' present,Is it possible to skip TUF?,,,,,,,,,Usability,,,,152,human_issue_file,Usability,human_issue_file
sigstore/cosign,3465,https://github.com/sigstore/cosign/issues/3465,2024-01-02 23:35:32+00:00,4,2,question,question,late,long,time-stratum: late (temporal coverage); thread-size: long (ensure short/medium/long threads); label-diversity: 'question' present,How to use OtherName SAN attribute,,,,,,,,,Usability,,,,153,human_issue_file,Usability,human_issue_file
sigstore/cosign,3671,https://github.com/sigstore/cosign/issues/3671,2024-04-21 10:48:54+00:00,2,2,bug,bug,late,medium,time-stratum: late (temporal coverage); thread-size: medium (ensure short/medium/long threads); label-diversity: 'bug' present,cosign verify with certificates requires the --certificate-identity and --certificate-oidc-issuer flags,,,,,,,,,Usability,,,,154,human_issue_file,Usability,human_issue_file
sigstore/cosign,3976,https://github.com/sigstore/cosign/issues/3976,2024-12-17 06:54:57+00:00,0,0,bug,bug,late,short,time-stratum: late (temporal coverage); thread-size: short (ensure short/medium/long threads); label-diversity: 'bug' present,Intermediate cert and root CA must come via same source for verify to succeed,,,,,,,,,Usability,,,,155,human_issue_file,Usability,human_issue_file
sigstore/cosign,4012,https://github.com/sigstore/cosign/issues/4012,2025-01-14 09:49:42+00:00,1,1,question,question,late,medium,time-stratum: late (temporal coverage); thread-size: medium (ensure short/medium/long threads); label-diversity: 'question' present,Kanidm as provider?,,,,,,,,,Usability,,,,156,human_issue_file,Usability,human_issue_file
sigstore/cosign,4076,https://github.com/sigstore/cosign/issues/4076,2025-02-21 15:16:37+00:00,0,0,bug,bug,late,short,time-stratum: late (temporal coverage); thread-size: short (ensure short/medium/long threads); label-diversity: 'bug' present,Wrong mediatype on attestation replace,,,,,,,,,Non-usability,,,,157,human_issue_file,Non-usability,human_issue_file
sigstore/cosign,4098,https://github.com/sigstore/cosign/issues/4098,2025-03-04 12:43:56+00:00,4,2,bug,bug,late,long,time-stratum: late (temporal coverage); thread-size: long (ensure short/medium/long threads); label-diversity: 'bug' present,cosign doesn't correctly respect individual TSA certificate chains,,,,,,,,,Usability,,,,158,human_issue_file,Usability,human_issue_file
sigstore/cosign,4204,https://github.com/sigstore/cosign/issues/4204,2025-05-14 21:41:14+00:00,1,1,enhancement,enhancement,late,medium,time-stratum: late (temporal coverage); thread-size: medium (ensure short/medium/long threads); label-diversity: 'enhancement' present,cosign tree support for OCI 1.1 Referrers,,,,,,,,,Usability,,,,159,human_issue_file,Usability,human_issue_file
sigstore/fulcio,238,https://github.com/sigstore/fulcio/issues/238,2021-11-10 23:51:00+00:00,3,2,question,question,early,medium,time-stratum: early (temporal coverage); thread-size: medium (ensure short/medium/long threads); label-diversity: 'question' present,Malformed collection name: 'caPools/certificateAuthorities/certificates',,,,,,,,,Usability,,,,160,human_issue_file,Usability,human_issue_file
sigstore/fulcio,243,https://github.com/sigstore/fulcio/issues/243,2021-11-18 13:51:30+00:00,21,11,enhancement,enhancement,early,long,time-stratum: early (temporal coverage); thread-size: long (ensure short/medium/long threads); label-diversity: 'enhancement' present,Add support for GitLab tokens,,,,,,,,,Usability,,,,161,human_issue_file,Usability,human_issue_file
sigstore/fulcio,489,https://github.com/sigstore/fulcio/issues/489,2022-03-28 22:46:59+00:00,1,1,enhancement,enhancement,early,short,time-stratum: early (temporal coverage); thread-size: short (ensure short/medium/long threads); label-diversity: 'enhancement' present,Fulcio as an intermediate CA,,,,,,,,,Usability,,,,162,human_issue_file,Usability,human_issue_file
sigstore/fulcio,766,https://github.com/sigstore/fulcio/issues/766,2022-08-26 18:26:39+00:00,2,2,"enhancement, ga-blocker",enhancement,middle,medium,time-stratum: middle (temporal coverage); thread-size: medium (ensure short/medium/long threads); label-diversity: 'enhancement' present,Fulcio 1.0,,,,,,,,,Non-usability,,,,163,human_issue_file,Non-usability,human_issue_file
sigstore/fulcio,1087,https://github.com/sigstore/fulcio/issues/1087,2023-03-29 18:29:27+00:00,0,0,enhancement,enhancement,middle,short,time-stratum: middle (temporal coverage); thread-size: short (ensure short/medium/long threads); label-diversity: 'enhancement' present,Add support for enterprise-unique GitHub Actions OIDC issuer URL,,,,,,,,,Usability,,,,164,human_issue_file,Usability,human_issue_file
sigstore/fulcio,1132,https://github.com/sigstore/fulcio/issues/1132,2023-04-23 20:26:28+00:00,4,2,enhancement,enhancement,middle,long,time-stratum: middle (temporal coverage); thread-size: long (ensure short/medium/long threads); label-diversity: 'enhancement' present,Proposal: Combine the individual OIDC extensions into a single extension,,,,,,,,,Non-usability,,,,165,human_issue_file,Non-usability,human_issue_file
sigstore/fulcio,1178,https://github.com/sigstore/fulcio/issues/1178,2023-05-21 08:38:01+00:00,7,3,enhancement,enhancement,late,long,time-stratum: late (temporal coverage); thread-size: long (ensure short/medium/long threads); label-diversity: 'enhancement' present,AWS KMS documentation Unclear,,,,,,,,,Usability,,,,166,human_issue_file,Usability,human_issue_file
sigstore/fulcio,1235,https://github.com/sigstore/fulcio/issues/1235,2023-06-19 16:28:29+00:00,1,1,question,question,late,medium,time-stratum: late (temporal coverage); thread-size: medium (ensure short/medium/long threads); label-diversity: 'question' present,Support for CirleCI,,,,,,,,,Usability,,,,167,human_issue_file,Usability,human_issue_file
sigstore/fulcio,1685,https://github.com/sigstore/fulcio/issues/1685,2024-06-04 21:27:35+00:00,0,0,enhancement,enhancement,late,short,time-stratum: late (temporal coverage); thread-size: short (ensure short/medium/long threads); label-diversity: 'enhancement' present,Update to go-jose v4,,,,,,,,,Non-usability,,,,168,human_issue_file,Non-usability,human_issue_file
sigstore/rekor,487,https://github.com/sigstore/rekor/issues/487,2021-11-10 23:08:50+00:00,3,3,enhancement,enhancement,early,medium,time-stratum: early (temporal coverage); thread-size: medium (ensure short/medium/long threads); label-diversity: 'enhancement' present,Support UUID --> shard ID parsing,,,,,,,,,Usability,,,,169,human_issue_file,Usability,human_issue_file
sigstore/rekor,648,https://github.com/sigstore/rekor/issues/648,2022-02-01 23:10:45+00:00,1,1,enhancement,enhancement,early,short,time-stratum: early (temporal coverage); thread-size: short (ensure short/medium/long threads); label-diversity: 'enhancement' present,Shard rekor once prior to GA,,,,,,,,,Non-usability,,,,170,human_issue_file,Non-usability,human_issue_file
sigstore/rekor,872,https://github.com/sigstore/rekor/issues/872,2022-06-15 21:49:05+00:00,0,0,bug,bug,early,short,time-stratum: early (temporal coverage); thread-size: short (ensure short/medium/long threads); label-diversity: 'bug' present,attestations for intoto log entries persisted without payloadHash are not being returned,,,,,,,,,Usability,,,,171,human_issue_file,Usability,human_issue_file
sigstore/rekor,876,https://github.com/sigstore/rekor/issues/876,2022-06-16 13:50:52+00:00,3,2,bug,bug,early,long,time-stratum: early (temporal coverage); thread-size: long (ensure short/medium/long threads); label-diversity: 'bug' present,Intoto Indexing Bug: cannot find entry by payloadHash,,,,,,,,,Non-usability,,,,172,human_issue_file,Non-usability,human_issue_file
sigstore/rekor,929,https://github.com/sigstore/rekor/issues/929,2022-07-18 04:31:11+00:00,1,1,question,question,middle,short,time-stratum: middle (temporal coverage); thread-size: short (ensure short/medium/long threads); label-diversity: 'question' present,How can rekor prevent a record from a hacker?,,,,,,,,,Usability,,,,173,human_issue_file,Usability,human_issue_file
sigstore/rekor,1026,https://github.com/sigstore/rekor/issues/1026,2022-09-06 15:46:23+00:00,1,1,enhancement,enhancement,middle,medium,time-stratum: middle (temporal coverage); thread-size: medium (ensure short/medium/long threads); label-diversity: 'enhancement' present,Add --file-ca (or something flag) for taking in secret from files like Fulcio does.,,,,,,,,,Usability,,,,174,human_issue_file,Usability,human_issue_file
sigstore/rekor,1173,https://github.com/sigstore/rekor/issues/1173,2022-11-03 20:56:09+00:00,1,1,enhancement,enhancement,middle,medium,time-stratum: middle (temporal coverage); thread-size: medium (ensure short/medium/long threads); label-diversity: 'enhancement' present,Add public key method to EntryImpl,,,,,,,,,Usability,,,,175,human_issue_file,Usability,human_issue_file
sigstore/rekor,1324,https://github.com/sigstore/rekor/issues/1324,2023-02-03 17:52:24+00:00,4,4,enhancement,enhancement,middle,long,time-stratum: middle (temporal coverage); thread-size: long (ensure short/medium/long threads); label-diversity: 'enhancement' present,Support other KMS keys besides GCP,,,,,,,,,Usability,,,,176,human_issue_file,Usability,human_issue_file
sigstore/rekor,1721,https://github.com/sigstore/rekor/issues/1721,2023-09-29 01:10:38+00:00,0,0,enhancement,enhancement,late,short,time-stratum: late (temporal coverage); thread-size: short (ensure short/medium/long threads); label-diversity: 'enhancement' present,add info to readme file to point out other doc files.,,,,,,,,,Usability,,,,177,human_issue_file,Usability,human_issue_file
sigstore/rekor,1812,https://github.com/sigstore/rekor/issues/1812,2023-11-06 21:13:07+00:00,1,1,enhancement,enhancement,late,medium,time-stratum: late (temporal coverage); thread-size: medium (ensure short/medium/long threads); label-diversity: 'enhancement' present,Investigate using custom JSON parser,,,,,,,,,Usability,,,,178,human_issue_file,Usability,human_issue_file
sigstore/rekor,1899,https://github.com/sigstore/rekor/issues/1899,2023-12-11 21:38:34+00:00,2,2,question,question,late,medium,time-stratum: late (temporal coverage); thread-size: medium (ensure short/medium/long threads); label-diversity: 'question' present,Manual rekor upload with cosign public key,,,,,,,,,Usability,,,,179,human_issue_file,Usability,human_issue_file
sigstore/rekor,2062,https://github.com/sigstore/rekor/issues/2062,2024-03-28 23:46:16+00:00,17,4,"enhancement, rekor-v2",enhancement,late,long,time-stratum: late (temporal coverage); thread-size: long (ensure short/medium/long threads); label-diversity: 'enhancement' present,Checkpoint spec compliance: Incorrect key ID for non-ECDSA keys ,,,,,,,,,Usability,,,,180,human_issue_file,Usability,human_issue_file
