tool,theme_col,theme,beta,se,p_value,rr_per_month,rr_ci_low,rr_ci_high,pct_change_per_month,pct_ci_low,pct_ci_high,n_months,total_count,n_obs,df_resid,pearson_chi2,deviance,dispersion_pearson,dispersion_deviance,overdispersed_1_5,underdispersed_0_8,zero_frac_obs,zero_frac_pred_poisson,ljungbox_p_lag1,autocorr_sig_0_05,sig_0_05
Keyfactor/ejbca-ce,L1_Theme,Tedious Workflows,-0.013429302074417811,0.015597282832475703,0.3892365756769225,0.9866604687004202,0.9569539800322123,1.01728912864061,-1.3339531299579765,-4.304601996778768,1.7289128640610052,49,21,49,47.0,50.44924297013596,44.20142889382611,1.0733881483007652,0.9404559339111939,False,False,0.6326530612244898,0.6535705001626637,0.6196054687540573,False,False
Keyfactor/ejbca-ce,L1_Theme,Notification/Logging /Web UI Issues,-0.003526934970409302,0.006002078220557293,0.5567880808929881,0.9964792773590934,0.9848253055777105,1.0082711569069724,-0.3520722640906637,-1.517469442228947,0.8271156906972443,49,139,49,47.0,61.84134553476706,64.53223324114293,1.315773309250363,1.373026239173254,False,False,0.061224489795918366,0.05920332004903968,0.9199445904555718,False,False
Keyfactor/ejbca-ce,L1_Theme,Unexpected behavior,-0.0013979588221192166,0.007333202289080806,0.8488122290370473,0.9986030178671381,0.9843526762616267,1.0130596597558417,-0.13969821328618792,-1.5647323738373298,1.3059659755841668,49,93,49,47.0,59.15502292873004,62.338767326564536,1.2586175091219158,1.3263567516290327,False,False,0.14285714285714285,0.14997966466488244,0.6069498824514377,False,False
Keyfactor/ejbca-ce,L1_Theme,Security concerns,-0.0013158806807109032,0.011471979395232292,0.9086798292594702,0.9986849847106465,0.9764800487171607,1.0213948559387258,-0.1315015289353516,-2.3519951282839346,2.139485593872581,49,38,49,47.0,39.636134832643954,46.35492724166312,0.8433220177158288,0.98627504769496,False,False,0.40816326530612246,0.46051673319284603,0.6323659282364166,False,False
Keyfactor/ejbca-ce,L1_Theme,Missing feature / enhancement request,0.0003174615982943118,0.008908761976889966,0.9715735911421882,1.0003175119945604,0.9830024053632078,1.0179376157612396,0.031751199456042656,-1.699759463679218,1.7937615761239645,49,63,49,47.0,69.96989570962056,72.33229134352284,1.4887211853110758,1.5389849222026135,False,False,0.32653061224489793,0.27645765225519475,0.9552090453395552,False,False
Keyfactor/ejbca-ce,L1_Theme,Build/CI/installation/distribution release issues,0.0008130296442315213,0.006376014601993818,0.8985337771542075,1.000813360242422,0.9883840334086218,1.0133989908613095,0.08133602424220676,-1.1615966591378202,1.3398990861309468,49,123,49,47.0,64.63519307255115,66.3242388133181,1.3752168738840669,1.4111540173046404,False,False,0.08163265306122448,0.08128549696734051,0.3114047350096296,False,False
Keyfactor/ejbca-ce,L1_Theme,User confusion / unclear documentation/documentation improvements,0.0018047465607110547,0.006132588646528844,0.7685379270740691,1.0018063760959373,0.9898368700219182,1.0139206222579393,0.18063760959372566,-1.0163129978081775,1.392062225793933,49,133,49,47.0,64.62881738556197,63.77421187649023,1.3750812209694037,1.356898125031707,False,False,0.061224489795918366,0.06641122110145452,0.0771729249976153,False,False
Keyfactor/ejbca-ce,L1_Theme,Configuration friction,0.005233000619305935,0.006753079102541816,0.4383952848500492,1.0052467166819978,0.9920289045984821,1.0186406431463197,0.5246716681997832,-0.7971095401517858,1.8640643146319746,49,110,49,47.0,54.074916816618455,56.502158827624726,1.1505301450344352,1.202173592077122,False,False,0.10204081632653061,0.107397616925637,0.7112822739045944,False,False
Keyfactor/ejbca-ce,L1_Theme,Performance issue,0.00605363874639983,0.0086576911297595,0.48441397943153375,1.0060719990476152,0.9891439213359399,1.0232897816332036,0.607199904761524,-1.0856078664060131,2.328978163320361,49,67,49,47.0,67.59644169773983,73.72115374914736,1.4382221637816985,1.5685351861520715,False,False,0.32653061224489793,0.25652172525090405,0.7203396481004583,False,False
Keyfactor/ejbca-ce,L1_Theme,Authentication friction,0.008272576085966508,0.007938156946103503,0.29735231145685825,1.0083068883953157,0.9927402685586192,1.0241175999252925,0.8306888395315681,-0.7259731441380812,2.41175999252925,49,80,49,47.0,47.43293117772926,56.52599272294593,1.009211301653814,1.2026806962328922,False,False,0.20408163265306123,0.19895312191976822,0.9828038198409734,False,False
Keyfactor/ejbca-ce,L1_Theme,Integration failure/issues,0.010840128219638194,0.007305916989489463,0.13787620480583812,1.0108990952871233,0.9965265772580626,1.0254789025939715,1.0899095287123295,-0.3473422741937404,2.5478902593971453,49,95,49,47.0,46.77006539345147,51.723543651928374,0.9951077743287546,1.1005009287644334,False,False,0.12244897959183673,0.1501741891989807,0.7757714292270746,False,False
Keyfactor/signserver-ce,L1_Theme,Security concerns,-0.027007094352002242,0.03689789205325535,0.4642043426003629,0.9733543361815585,0.9054466122818254,1.0463550814728246,-2.6645663818441467,-9.455338771817456,4.635508147282463,49,4,49,47.0,43.737419837218056,19.485126259452656,0.9305834007918735,0.4145771544564395,False,False,0.9183673469387755,0.9220438654202234,0.4995612869729269,False,False
Keyfactor/signserver-ce,L1_Theme,Notification/Logging /Web UI Issues,0.0050050120535374675,0.017704255032628534,0.7774059867607913,1.0050175580485847,0.9707412463595353,1.0405041464693698,0.5017558048584725,-2.9258753640464708,4.050414646936984,49,16,49,47.0,45.04055897159038,41.280547796968214,0.9583097653529867,0.8783095275950684,False,False,0.7142857142857143,0.7216146716328595,0.24192836028026302,False,False
Keyfactor/signserver-ce,L1_Theme,Performance issue,0.005721770875666663,0.026778657601582375,0.8308051325756505,1.0057381714718743,0.9543122089490197,1.059935375519884,0.5738171471874276,-4.568779105098031,5.993537551988393,49,7,49,47.0,55.478344025854184,29.969586603190766,1.1803902984224295,0.637650778791293,False,False,0.8775510204081632,0.866935722626271,0.9411130053913273,False,False
Keyfactor/signserver-ce,L1_Theme,Configuration friction,0.0065496822096943125,0.01966210247934753,0.7390497442415045,1.0065711782834093,0.9685181667948551,1.0461192899497327,0.6571178283409251,-3.148183320514486,4.611928994973269,49,13,49,47.0,50.49653863653331,39.93257276518433,1.0743944390751767,0.8496292077698794,False,False,0.7755102040816326,0.7672021274157569,0.3721376081382931,False,False
Keyfactor/signserver-ce,L1_Theme,Authentication friction,0.011422863460204644,0.021486966574465097,0.5949904256908991,1.011488353488689,0.9697746141541875,1.0549963613303983,1.148835348868893,-3.022538584581247,5.499636133039831,49,11,49,47.0,45.65956710455489,35.3541100474829,0.9714801511607423,0.7522151073932531,False,False,0.7959183673469388,0.7994452361734864,0.8530818186835332,False,False
Keyfactor/signserver-ce,L1_Theme,Missing feature / enhancement request,0.011730787844539558,0.02376485997905217,0.6215752373663341,1.0117998633754823,0.9657518732877045,1.060043466487448,1.1799863375482333,-3.424812671229549,6.004346648744807,49,9,49,47.0,68.47385818677596,36.84872536674193,1.4568905997186374,0.7840154333349347,False,False,0.8571428571428571,0.83259101485002,0.5778823125469821,False,False
Keyfactor/signserver-ce,L1_Theme,Build/CI/installation/distribution release issues,0.016492635744273933,0.016486716650204358,0.3171367934227719,1.0166293900396814,0.9843031708850798,1.0500172581615337,1.6629390039681446,-1.5696829114920208,5.001725816153368,49,19,49,47.0,69.15791293169181,53.71198479883102,1.4714449559934428,1.1428081872091707,False,False,0.7346938775510204,0.6813044303123718,0.8221219497512743,False,False
Keyfactor/signserver-ce,L1_Theme,User confusion / unclear documentation/documentation improvements,0.01656815031878733,0.016940944886354135,0.32807706197595754,1.0167061632742207,0.9835015140940618,1.0510318567144825,1.6706163274220698,-1.6498485905938165,5.1031856714482515,49,18,49,47.0,70.5755809060235,53.80846982760766,1.5016081043834788,1.1448610601618652,True,False,0.7551020408163265,0.6950896076939329,0.24772797423098702,False,False
Keyfactor/signserver-ce,L1_Theme,Unexpected behavior,0.01842756251672167,0.021754044367839932,0.39694677571554404,1.018598397792714,0.9760803555575206,1.0629685251612888,1.8598397792713994,-2.3919644442479404,6.296852516128881,49,11,49,47.0,72.2378919210711,41.4984599486325,1.5369764238525765,0.882945956353883,True,False,0.8367346938775511,0.8002652659598852,0.8061393200458973,False,False
Keyfactor/signserver-ce,L1_Theme,Integration failure/issues,0.019745947949037654,0.02412077801415954,0.4129985996417108,1.0199421887042839,0.9728447408902732,1.0693197224326856,1.994218870428388,-2.7155259109726826,6.931972243268558,49,9,49,47.0,48.58703011869101,32.58952233655482,1.0337665982700215,0.6933940922671239,False,False,0.8367346938775511,0.8332797754307459,0.9788974555080546,False,False
hashicorp/vault,L1_Theme,User confusion / unclear documentation/documentation improvements,-0.025345074379558463,0.002019538237143763,3.9783454151669664e-36,0.9749734156270448,0.9711218112067472,0.9788402960471596,-2.502658437295524,-2.887818879325277,-2.115970395284039,49,1322,49,47.0,92.26330492725859,97.18723900668567,1.963049041005502,2.0678135958869293,True,False,0.0,6.772043485206995e-08,0.9115752811949946,False,True
hashicorp/vault,L1_Theme,Build/CI/installation/distribution release issues,-0.024527041216878275,0.002018626398165511,5.711224750379668e-34,0.9757713025182337,0.9719182830838116,0.9796395966511778,-2.422869748176626,-2.8081716916188437,-2.0360403348822165,49,1317,49,47.0,79.60812528895485,83.60009262665946,1.693789899764997,1.7787253750353076,True,False,0.0,5.199583577712329e-08,0.2832823018174376,False,True
hashicorp/vault,L1_Theme,Missing feature / enhancement request,-0.023258847890521964,0.0020070122056813525,4.697078106138706e-31,0.9770095541774245,0.9731737981680951,0.9808604287854983,-2.299044582257548,-2.6826201831904872,-1.9139571214501716,49,1323,49,47.0,83.37208384515073,87.34803070600547,1.773874124364909,1.8584687384256484,True,False,0.0,2.9261095009537257e-08,0.15369287815276197,False,True
hashicorp/vault,L1_Theme,Unexpected behavior,-0.022994711212821962,0.002431653591130897,3.1869998979899804e-21,0.9772676523202385,0.9726210363604557,0.9819364671006005,-2.273234767976151,-2.7378963639544285,-1.8063532899399548,49,900,49,47.0,57.78112254212725,56.9242923815541,1.2293855860027074,1.2111551570543426,False,False,0.0,4.002707685283155e-06,0.7263868757870033,False,True
hashicorp/vault,L1_Theme,Authentication friction,-0.022898281440547088,0.002166689828437523,4.1789328519454035e-26,0.9773618945612093,0.9732201206980421,0.9815212947458721,-2.2638105438790745,-2.677987930195791,-1.847870525412787,49,1133,49,47.0,87.35544477417358,91.78568433564057,1.8586264845568847,1.9528869007583098,True,False,0.0,2.3922272730878553e-07,0.8801343268319253,False,True
hashicorp/vault,L1_Theme,Integration failure/issues,-0.022568385891840882,0.0024411558348607734,2.353306562615461e-20,0.9776843750892208,0.9730176557005139,0.9823734766718428,-2.231562491077921,-2.6982344299486094,-1.7626523328157173,49,891,49,47.0,61.313628672444416,64.26435765341446,1.3045452909030726,1.3673267585832865,False,False,0.0,3.978150770116123e-06,0.44109774091253884,False,True
hashicorp/vault,L1_Theme,Performance issue,-0.022166039467437205,0.002923379408584092,3.39392844264859e-14,0.978077822047414,0.9724896335760398,0.9836981217612255,-2.1922177952585997,-2.751036642396021,-1.6301878238774492,49,620,49,47.0,57.52029436818482,60.90415648861914,1.223836050386911,1.2958331167791306,False,False,0.0,0.00010598349658847617,0.17625858829153487,False,True
hashicorp/vault,L1_Theme,Notification/Logging /Web UI Issues,-0.021951916626906882,0.001896865559208389,5.6649639164783365e-31,0.9782872732722758,0.9746568943739528,0.9819311745198701,-2.1712726727724174,-2.5343105626047246,-1.806882548012989,49,1471,49,47.0,83.76947656184133,91.75088457651873,1.7823292885498154,1.9521464803514623,True,False,0.0,2.8794723491767002e-09,0.26219750772564326,False,True
hashicorp/vault,L1_Theme,Configuration friction,-0.021916329641095165,0.0019012226464633476,9.589628604629568e-31,0.9783220881870648,0.9746832563678707,0.9819745050318781,-2.1677911812935213,-2.5316743632129324,-1.8025494968121891,49,1464,49,47.0,80.76240221888004,85.81443857660719,1.7183489833804264,1.8258391186512168,True,False,0.0,3.0812194712961086e-09,0.2533459371101881,False,True
hashicorp/vault,L1_Theme,Security concerns,-0.019724841896234625,0.002873757113547265,6.706101909137901e-12,0.9804684200248115,0.9749613928562502,0.9860065533976364,-1.9531579975188507,-2.5038607143749836,-1.3993446602363568,49,634,49,47.0,55.5231758465512,55.166579891914,1.181344166947898,1.1737570189768936,False,False,0.0,5.575043123118582e-05,0.15401668649704053,False,True
hashicorp/vault,L1_Theme,Tedious Workflows,-0.015219945246177584,0.0052567908704262605,0.0037880582167457008,0.9848952927410912,0.9747997093915686,0.9950954317261822,-1.5104707258908778,-2.520029060843143,-0.49045682738178,49,186,49,47.0,67.46229966320767,72.71607466254837,1.4353680779405888,1.5471505247350716,False,False,0.061224489795918366,0.030101257825621716,0.8329987465423263,False,True
notaryproject/notation,L1_Theme,User confusion / unclear documentation/documentation improvements,-0.02763668726005981,0.00591999398308339,3.0360753141281002e-06,0.972741712066607,0.9615200364134365,0.984094353274,-2.725828793339302,-3.847996358656347,-1.5905646726000033,49,156,49,47.0,165.95775601357292,170.16702361196994,3.5310160853951684,3.6205749704674455,True,False,0.2653061224489796,0.07348379567734985,0.022190012927677864,True,True
notaryproject/notation,L1_Theme,Build/CI/installation/distribution release issues,-0.025818377145397413,0.005279228207717825,1.0055000162183865e-06,0.9745120672001647,0.9644805001327158,0.9846479726526974,-2.54879327998353,-3.55194998672842,-1.5352027347302566,49,194,49,47.0,156.3746319137328,150.50798060096835,3.3271198279517615,3.2022974595950715,True,False,0.12244897959183673,0.04023256521766994,5.844967539209784e-05,True,True
notaryproject/notation,L1_Theme,Integration failure/issues,-0.02494088781470661,0.006457518617443858,0.00011232353971968229,0.9753675664325931,0.9631003911250268,0.9877909908616563,-2.4632433567406853,-3.6899608874973233,-1.2209009138343663,49,129,49,47.0,124.21020662207115,124.86203040061432,2.6427703536610885,2.656638944693922,True,False,0.24489795918367346,0.10202139590435665,0.0004340482707893283,True,True
notaryproject/notation,L1_Theme,Performance issue,-0.02491145532469221,0.0102692493241557,0.015273413709036562,0.9753962743512232,0.9559600227616389,0.995227697147614,-2.4603725648776775,-4.403997723836106,-0.47723028523859456,49,51,49,47.0,88.28907961666005,80.65450507468134,1.878491055673618,1.7160532994613051,True,False,0.4489795918367347,0.3756433414010511,0.0010443885694666293,True,True
notaryproject/notation,L1_Theme,Missing feature / enhancement request,-0.024433780744029163,0.00565041017900864,1.5305232834648053e-05,0.9758623076548243,0.9651144489813627,0.986729858315269,-2.413769234517571,-3.488555101863733,-1.3270141684730952,49,168,49,47.0,142.658101971518,147.8357264472024,3.0352787653514466,3.145440988238349,True,False,0.1836734693877551,0.05555525670428681,0.0004802849668231775,True,True
notaryproject/notation,L1_Theme,Notification/Logging /Web UI Issues,-0.024426294538970345,0.006081930663788724,5.914222892114758e-05,0.9758696131875139,0.9643057383983951,0.9875721610082384,-2.4130386812486138,-3.5694261601604937,-1.2427838991761586,49,145,49,47.0,139.4407662411597,140.13537756152223,2.9668248136416957,2.9816037779047284,True,False,0.24489795918367346,0.07864129421311558,0.00036301559255094836,True,True
notaryproject/notation,L1_Theme,Unexpected behavior,-0.020131749544527445,0.008097688671347598,0.012914782572486431,0.9800695410847432,0.9646371879826837,0.9957487823694621,-1.99304589152568,-3.536281201731628,-0.4251217630537929,49,80,49,47.0,120.48899911962914,110.14796514122966,2.5635957259495563,2.343573726409142,True,False,0.3673469387755102,0.21577217486948733,0.1374205144492659,False,True
notaryproject/notation,L1_Theme,Configuration friction,-0.020113727438910302,0.0055384677495574595,0.0002816245422032485,0.9800872041606873,0.9695055068448499,0.9907843957334354,-1.9912795839312714,-3.049449315515007,-0.9215604266564648,49,171,49,47.0,229.66540331166865,183.77226057055006,4.88649794280146,3.910048097245746,True,False,0.1836734693877551,0.04576465323632367,0.0005019059378037,True,True
notaryproject/notation,L1_Theme,Authentication friction,-0.019096641551435034,0.010117893685311049,0.05910483145734056,0.9810845441287614,0.9618202335647336,1.0007346998315756,-1.8915455871238551,-3.817976643526644,0.07346998315755915,49,51,49,47.0,77.41040134515639,76.60610797168555,1.6470298158543912,1.6299171908869265,True,False,0.4489795918367347,0.3666714690257325,0.009923069373823989,True,False
notaryproject/notation,L1_Theme,Tedious Workflows,-0.013953722909034969,0.01402947901432035,0.31993074065434024,0.9861431790445325,0.9593958632076243,1.0136361921810804,-1.3856820955467475,-4.060413679237573,1.3636192181080364,49,26,49,47.0,61.661317790001235,56.906154158999435,1.311942931702154,1.21076923742552,False,False,0.6326530612244898,0.5914236329972126,0.13467518430503678,False,False
notaryproject/notation,L1_Theme,Security concerns,-0.01101466790957361,0.013968471032190274,0.4303821766582764,0.9890457714350332,0.9623347930542272,1.016498151219186,-1.095422856496675,-3.76652069457728,1.6498151219185964,49,26,49,47.0,59.74233240669506,56.60101983153419,1.271113455461597,1.2042770176922168,False,False,0.6326530612244898,0.5902361731874352,0.12614858516430671,False,False
openpubkey/openpubkey,L1_Theme,Tedious Workflows,0.012578967399894845,0.05047431599969264,0.8031943125340044,1.012658415385369,0.9172724947196753,1.1179633883649802,1.2658415385369048,-8.272750528032468,11.796338836498022,49,2,49,47.0,46.238906520972726,12.731995703008927,0.983806521722824,0.2708935255959346,False,False,0.9591836734693877,0.9600305758413258,0.0005709172542699503,True,False
openpubkey/openpubkey,L1_Theme,Security concerns,0.018963152910939078,0.015061981043206267,0.20802748351661438,1.0191440954322992,0.9894972135776341,1.0496792441680063,1.9144095432299224,-1.0502786422365906,4.967924416800629,49,23,49,47.0,128.91060795362762,81.85760437066065,2.742778892630375,1.741651156822567,True,False,0.8163265306122449,0.630216774968003,3.1001789618913715e-05,True,False
openpubkey/openpubkey,L1_Theme,Authentication friction,0.028298111624252515,0.00873235368043705,0.0011927620976427058,1.0287023068308636,1.0112454585067048,1.0464605078591056,2.870230683086361,1.1245458506704775,4.64605078591056,49,72,49,47.0,272.0671546104787,195.91870799953347,5.788662864052739,4.168483148926244,True,False,0.6938775510204082,0.2670917282359962,2.243540576830374e-06,True,True
openpubkey/openpubkey,L1_Theme,Performance issue,0.030385077907825707,0.015907264654219058,0.05611538903601955,1.0308514156398416,0.9992071536544482,1.0634978314958692,3.0851415639841617,-0.07928463455517676,6.349783149586918,49,22,49,47.0,102.19929292246458,69.5212971466728,2.1744530409035017,1.4791765350355914,True,False,0.7755102040816326,0.6494413919249757,2.4645071670243574e-06,True,False
openpubkey/openpubkey,L1_Theme,Unexpected behavior,0.03287876514968739,0.014762506004282673,0.025935214431898387,1.0334252444915886,1.0039520421856338,1.0637636969466209,3.342524449158857,0.39520421856338306,6.376369694662087,49,26,49,47.0,142.64155852474252,83.6889396200969,3.0349267771221813,1.7806157365978064,True,False,0.7755102040816326,0.6048277163344242,0.00222619707861099,True,True
openpubkey/openpubkey,L1_Theme,Integration failure/issues,0.033118701248391315,0.011912418750172307,0.005432831320671116,1.0336732302622336,1.0098182462969643,1.0580917416365887,3.3673230262233567,0.9818246296964261,5.80917416365887,49,40,49,47.0,126.6585467574965,104.18753337195807,2.6948626969680105,2.216756029190597,True,False,0.7142857142857143,0.4716043220059387,1.33913597724266e-06,True,True
openpubkey/openpubkey,L1_Theme,Notification/Logging /Web UI Issues,0.03654275393438786,0.010293704475799416,0.0003852165028529914,1.037218648247831,1.0165017677718406,1.058357750455513,3.7218648247830943,1.6501767771840647,5.835775045551306,49,55,49,47.0,209.4571169872479,148.52016473636266,4.456534403983998,3.160003505028993,True,False,0.6938775510204082,0.37425745853643566,2.954736620748351e-05,True,True
openpubkey/openpubkey,L1_Theme,User confusion / unclear documentation/documentation improvements,0.03814248810747205,0.010361065921786858,0.00023202176017374145,1.0388792502711512,1.0179947886396818,1.060192162757678,3.8879250271151244,1.7994788639681847,6.0192162757678025,49,55,49,47.0,162.73855620413605,137.1051956831077,3.4625224724284265,2.9171318230448446,True,False,0.6938775510204082,0.3781079676425219,7.337318239067838e-07,True,True
openpubkey/openpubkey,L1_Theme,Build/CI/installation/distribution release issues,0.038763428400189266,0.009555536716992394,4.978247909062245e-05,1.0395245325770712,1.0202366155618057,1.0591770941631289,3.9524532577071225,2.023661556180567,5.9177094163128885,49,65,49,47.0,260.0440116016845,183.40778025821757,5.532851310674138,3.9022931969833525,True,False,0.7142857142857143,0.3269427666372167,5.9815262192474935e-06,True,True
openpubkey/openpubkey,L1_Theme,Missing feature / enhancement request,0.03888088276619618,0.009212497266372173,2.438152870741184e-05,1.0396466364426693,1.0210427286634198,1.058589516700683,3.9646636442669303,2.104272866341983,5.858951670068291,49,70,49,47.0,294.68757350020985,194.20698623908953,6.26994837234489,4.132063537001905,True,False,0.6938775510204082,0.30446552583369685,0.00023273988787420445,True,True
openpubkey/openpubkey,L1_Theme,Configuration friction,0.03989912195877806,0.012726467233760645,0.0017177830383019006,1.0407057845358696,1.015067635445534,1.066991491154221,4.070578453586959,1.5067635445533911,6.6991491154221094,49,37,49,47.0,106.51097119464569,95.26393868033672,2.266190876481823,2.0268923123475897,True,False,0.7346938775510204,0.507644322192335,3.088529490711056e-06,True,True
sigstore/cosign,L1_Theme,Performance issue,-0.03866360182847109,0.006087922083389792,2.141005625784195e-10,0.9620742947501414,0.9506627280667661,0.9736228436148145,-3.792570524985861,-4.9337271933233895,-2.637715638518545,49,160,49,47.0,39.85648433791057,49.76795763679208,0.8480103050619271,1.0588927156764274,False,False,0.10204081632653061,0.09890400331032512,0.16758732294901105,False,True
sigstore/cosign,L1_Theme,Missing feature / enhancement request,-0.03747466276235763,0.004317526280375792,3.96951571829099e-18,0.9632188227158557,0.9551021180985367,0.9714045051865332,-3.6781177284144317,-4.489788190146326,-2.8595494813466793,49,315,49,47.0,53.691660786676955,53.945920978586514,1.1423757614186587,1.1477855527358833,False,False,0.02040816326530612,0.01921151274096289,0.10055085338369896,False,True
sigstore/cosign,L1_Theme,Security concerns,-0.03490683517736515,0.00804016375247351,1.4147608732682012e-05,0.9656953809056126,0.9505965385580182,0.9810340463863558,-3.4304619094387423,-4.940346144198182,-1.896595361364417,49,89,49,47.0,53.12759648765922,64.67135591185728,1.1303743933544514,1.3759862959969633,False,False,0.2653061224489796,0.22173417106780394,0.13422685068643866,False,True
sigstore/cosign,L1_Theme,Build/CI/installation/distribution release issues,-0.03439824590241585,0.0032637856867693137,5.68784650372992e-26,0.9661866481352419,0.9600256598678262,0.9723871746962867,-3.381335186475809,-3.9974340132173825,-2.761282530371334,49,538,49,47.0,89.49168452612332,73.89149023481185,1.9040783941728365,1.5721593666981246,True,False,0.0,0.0017369010794346163,0.3426032140677761,False,True
sigstore/cosign,L1_Theme,Notification/Logging /Web UI Issues,-0.03213063642296844,0.003350542481882593,8.835704285138625e-22,0.9683800681075396,0.962041490635782,0.9747604083980079,-3.1619931892460373,-3.7958509364217963,-2.5239591601992073,49,502,49,47.0,87.1536816196755,75.43301625434111,1.8543336514824573,1.6049577926455556,True,False,0.0,0.001852634019126661,0.1880032003181466,False,True
sigstore/cosign,L1_Theme,Configuration friction,-0.030801336859415586,0.003788386324019167,4.2765194379955314e-16,0.9696681912705273,0.9624948398258232,0.9768950047898527,-3.033180872947272,-3.750516017417682,-2.3104995210147306,49,389,49,47.0,77.16615466242331,69.20851595540947,1.6418330779239,1.4725216160725418,True,False,0.02040816326530612,0.0052205607800453035,0.5312280885848264,False,True
sigstore/cosign,L1_Theme,User confusion / unclear documentation/documentation improvements,-0.03052156882473677,0.003530663073967887,5.3940724224080535e-18,0.9699395113862678,0.9632506039831343,0.9766748672235497,-3.006048861373223,-3.6749396016865665,-2.332513277645032,49,447,49,47.0,70.93008494124072,65.38388571713736,1.5091507434306537,1.3911465046199438,True,False,0.0,0.002711934111586752,0.06618758886155163,False,True
sigstore/cosign,L1_Theme,Integration failure/issues,-0.029315085374040806,0.003671539849855747,1.4119415997113579e-15,0.9711104335620119,0.9641471956164204,0.9781239612174187,-2.8889566437988123,-3.585280438357963,-2.1876038782581264,49,410,49,47.0,62.746452239478415,56.464444041466464,1.3350308987123067,1.2013711498184354,False,False,0.0,0.0035673840481821764,0.47532764721624987,False,True
sigstore/cosign,L1_Theme,Unexpected behavior,-0.027627129457803212,0.004752943800010587,6.1496900627893076e-09,0.9727510093839685,0.9637311634964005,0.9818552746852871,-2.7248990616031477,-3.6268836503599466,-1.8144725314712895,49,242,49,47.0,59.81109819256447,60.332265538114044,1.2725765572886059,1.2836652242151925,False,False,0.02040816326530612,0.02310765232793555,0.3916410774596074,False,True
sigstore/cosign,L1_Theme,Authentication friction,-0.026300666955105002,0.0046572177204838245,1.6299514404249264e-08,0.9740421832799383,0.9651914402042318,0.982974087097161,-2.59578167200617,-3.4808559795768246,-1.7025912902838947,49,250,49,47.0,48.28843463282919,49.281263229219356,1.0274135028261528,1.0485375155153054,False,False,0.02040816326530612,0.019272085718081297,0.739284075331011,False,True
sigstore/cosign,L1_Theme,Tedious Workflows,-0.01656373500440605,0.00891486908752326,0.06317047599957032,0.9835726893832282,0.9665358596687806,1.000909822044344,-1.6427310616771829,-3.346414033121936,0.09098220443439775,49,65,49,47.0,52.57815172836069,59.76324404715951,1.1186840793268231,1.2715583839821172,False,False,0.2857142857142857,0.27788936287635474,0.13999189346693994,False,False
sigstore/fulcio,L1_Theme,Notification/Logging /Web UI Issues,-0.053400618726417125,0.007842630012223567,9.826633146280501e-12,0.9480001497846736,0.9335393408060136,0.9626849611027924,-5.199985021532639,-6.646065919398636,-3.7315038897207553,49,111,49,47.0,51.52324633172517,52.34246659994999,1.096239283653727,1.1136695021265954,False,False,0.22448979591836735,0.22983512537883527,0.23568131556904431,False,True
sigstore/fulcio,L1_Theme,Build/CI/installation/distribution release issues,-0.05333694972875257,0.0063537936087994145,4.678626689166698e-17,0.9480605099255107,0.9363271117411056,0.9599409428707676,-5.1939490074489285,-6.367288825889439,-4.005905712923241,49,169,49,47.0,62.594403485630224,63.348104994135184,1.3317958188431962,1.3478320211518124,False,False,0.12244897959183673,0.1395683004450734,0.13057619222572397,False,True
sigstore/fulcio,L1_Theme,User confusion / unclear documentation/documentation improvements,-0.05311876797451926,0.007795884239393202,9.512407458629898e-12,0.9482673819977208,0.9338880571602601,0.9628681091555087,-5.173261800227924,-6.611194283973987,-3.713189084449131,49,112,49,47.0,42.540730666175364,49.492580772256204,0.905121929067561,1.0530336334522596,False,False,0.24489795918367346,0.22660234836846707,0.40268792345333215,False,True
sigstore/fulcio,L1_Theme,Security concerns,-0.05260962248223723,0.0139082970108051,0.00015519430630211184,0.9487503109908705,0.9232364658322014,0.974969236937476,-5.124968900912952,-7.6763534167798575,-2.5030763062524053,49,35,49,47.0,46.79788377522472,48.87258956461022,0.9956996547920153,1.0398423311619196,False,False,0.5510204081632653,0.5459926647938406,0.15355717342536573,False,True
sigstore/fulcio,L1_Theme,Unexpected behavior,-0.04807476253385365,0.013590020068150407,0.0004039266962517991,0.9530625310441553,0.9280114556075612,0.9787898442327059,-4.6937468955844714,-7.198854439243885,-2.1210155767294125,49,35,49,47.0,34.43654707032323,40.877416230916275,0.7326924908579411,0.8697322602322611,False,True,0.4897959183673469,0.5381390935879732,0.01567444528990174,True,True
sigstore/fulcio,L1_Theme,Configuration friction,-0.04683983869843085,0.008031713929293255,5.481259379769967e-09,0.9542402177073877,0.9393360359793625,0.9693808799114869,-4.575978229261235,-6.066396402063745,-3.0619120088513085,49,99,49,47.0,55.14586603046644,55.64726910916242,1.1733162985205625,1.1839844491311153,False,False,0.24489795918367346,0.23342326010947767,0.9767583384527048,False,True
sigstore/fulcio,L1_Theme,Integration failure/issues,-0.04605980980753477,0.007625666231167902,1.5401583913603083e-09,0.9549848430229286,0.9408174860755949,0.969365539970681,-4.501515697707137,-5.91825139244051,-3.063446002931902,49,109,49,47.0,60.31308659724701,65.00292027161086,1.2832571616435533,1.3830408568427843,False,False,0.20408163265306123,0.2064286321416272,0.002079688263982904,True,True
sigstore/fulcio,L1_Theme,Missing feature / enhancement request,-0.04379619216699522,0.006564175426750513,2.5233697472632786e-11,0.9571490120615559,0.9449134187998356,0.9695430428472733,-4.28509879384441,-5.508658120016441,-3.045695715272667,49,144,49,47.0,66.93871841395107,69.65010852590501,1.4242280513606609,1.48191720267883,False,False,0.14285714285714285,0.13578682527973504,0.2439409373601775,False,True
sigstore/fulcio,L1_Theme,Authentication friction,-0.04272427624210287,0.00800008444031864,9.270174494879503e-08,0.9581755454105109,0.9432683731727497,0.9733183067875314,-4.182445458948914,-5.67316268272503,-2.6681693212468605,49,96,49,47.0,56.369659956618165,64.06058490482174,1.1993544671620886,1.3629911681876965,False,False,0.24489795918367346,0.22675988300771777,0.018382811531868163,True,True
sigstore/fulcio,L1_Theme,Performance issue,-0.037158487981822134,0.00996335549589844,0.0001918483643042946,0.9635234163656132,0.9448900903563063,0.9825241934062229,-3.647658363438677,-5.510990964369366,-1.7475806593777121,49,59,49,47.0,45.13363537616187,52.62949633353974,0.9602901143864228,1.1197765177348882,False,False,0.3469387755102041,0.3531997300742387,0.15178979326844216,False,True
sigstore/fulcio,L1_Theme,Tedious Workflows,-0.0012500781977945125,0.02041432453349809,0.9511717816090981,0.9987507028244755,0.9595775396091856,1.0395230455254763,-0.12492971755244664,-4.0422460390814425,3.9523045525476252,49,12,49,47.0,36.99873693457856,33.76217744245019,0.7872071688208204,0.7183442009031955,False,True,0.7551020408163265,0.782791745928515,0.11364252408937124,False,False
sigstore/rekor,L1_Theme,Authentication friction,-0.07698115943885599,0.016058384211071152,1.636271776761648e-06,0.925907298055226,0.8972187371800652,0.9555131754006988,-7.409270194477402,-10.278126281993483,-4.4486824599301205,49,35,49,47.0,43.708913200448364,42.52258953690649,0.9299768766052844,0.9047359475937551,False,False,0.5918367346938775,0.5898333163048743,0.8142009391532052,False,True
sigstore/rekor,L1_Theme,Tedious Workflows,-0.06637298509952466,0.022965651705571483,0.0038512169155964773,0.9357817665362106,0.8945936712113154,0.9788662079354029,-6.421823346378941,-10.540632878868461,-2.113379206459709,49,15,49,47.0,46.33923410892163,33.34566455031392,0.9859411512536517,0.7094822244747643,False,False,0.7551020408163265,0.7603655685418641,0.893172727692685,False,True
sigstore/rekor,L1_Theme,Missing feature / enhancement request,-0.06123423774793875,0.006999437286453054,2.163002633492475e-18,0.9406028892673272,0.927786966204163,0.9535958442246047,-5.939711073267285,-7.2213033795836985,-4.640415577539525,49,152,49,47.0,43.58873084409641,45.820668860782575,0.9274198051935406,0.9749078481017569,False,False,0.14285714285714285,0.19169033877906172,0.13978493172255485,False,True
sigstore/rekor,L1_Theme,Configuration friction,-0.06078738864083258,0.008739428514505175,3.512300649831649e-12,0.9410232907495559,0.9250415084012105,0.9572811875908297,-5.897670925044407,-7.495849159878953,-4.271881240917031,49,97,49,47.0,35.33851139142379,40.547053043661904,0.7518832210941233,0.8627032562481256,False,True,0.2857142857142857,0.2911047143835297,0.9459559757013929,False,True
sigstore/rekor,L1_Theme,Security concerns,-0.058874671758229205,0.01815232911795369,0.001181257973629947,0.9428249243429199,0.9098702820504027,0.976973152655392,-5.717507565708013,-9.012971794959734,-2.3026847344608026,49,22,49,47.0,44.22750482740957,38.539878976161624,0.9410107410087142,0.8199974250247154,False,False,0.6530612244897959,0.6743149153105938,0.06243295470870207,False,True
sigstore/rekor,L1_Theme,Notification/Logging /Web UI Issues,-0.05681179732063341,0.006552461231626916,4.309875566769274e-18,0.9447718612312198,0.9327159044564383,0.9569836490506537,-5.522813876878018,-6.728409554356174,-4.30163509493463,49,165,49,47.0,45.061266915801994,52.366365053379994,0.9587503599106807,1.114177979859149,False,False,0.16326530612244897,0.1575559623223907,0.5308126662585084,False,True
sigstore/rekor,L1_Theme,Build/CI/installation/distribution release issues,-0.053111618149576295,0.007562832516572072,2.1759762511197804e-12,0.948274161967739,0.9343214174857615,0.9624352705896536,-5.172583803226106,-6.567858251423853,-3.7564729410346387,49,119,49,47.0,39.657110924524,43.508799739703825,0.8437683175430638,0.9257191433979537,False,False,0.16326530612244897,0.21234457975540436,0.6049020852553479,False,True
sigstore/rekor,L1_Theme,Performance issue,-0.05077951865973935,0.01070194601783594,2.08623329809792e-06,0.9504882123465082,0.9307585940030968,0.9706360463717136,-4.9511787653491846,-6.92414059969032,-2.9363953628286366,49,58,49,47.0,52.875360073836504,54.65190328036874,1.1250076611454576,1.1628064527738031,False,False,0.40816326530612246,0.39547428064855455,0.2884987535320188,False,True
sigstore/rekor,L1_Theme,Unexpected behavior,-0.049065795125434825,0.01109839616070624,9.825395446212342e-06,0.9521184828825898,0.9316308265685324,0.9730566868269667,-4.788151711741017,-6.836917343146764,-2.6943313173033334,49,53,49,47.0,51.33393686703138,60.68367546500297,1.0922114227027955,1.291142031170276,False,False,0.46938775510204084,0.41735314335155893,0.0686540695831685,False,True
sigstore/rekor,L1_Theme,User confusion / unclear documentation/documentation improvements,-0.04697262737660896,0.007803851251567791,1.753247714538973e-09,0.9541135138228208,0.9396308667124772,0.968819383769656,-4.588648617717917,-6.036913328752281,-3.118061623034396,49,105,49,47.0,32.11458266153296,37.40235583580729,0.6832889927985736,0.7957948050171765,False,True,0.1836734693877551,0.2190260247190521,0.708096278328719,False,True
sigstore/rekor,L1_Theme,Integration failure/issues,-0.04658551403795408,0.010571903922464885,1.0503507833646382e-05,0.9544829353900073,0.934908658671495,0.9744670407110243,-4.551706460999272,-6.509134132850503,-2.55329592889757,49,57,49,47.0,41.91328697209349,48.89580149202844,0.8917720632360316,1.040336201958052,False,False,0.3877551020408163,0.3889188201663626,0.5853129273167279,False,True
