sample_id,repo,issue_number,issue_url,title,labels,body_text,top_3_comments_text,all_comments_text,__source_file__
1,Keyfactor/ejbca-ce,13,https://github.com/Keyfactor/ejbca-ce/issues/13,CA Structure & CRLs Can't get CRL,,"I find a issue with subjects such like OU, O.. etc. contain special character ""&"" will show Server 500 or 404 error when request to click ""Get CRL""  _x000D_
I just thought the special character ""&""  didn't convert to URL encode cause the root cause  _x000D_
The & should be convert to %26 (After I manual change the & to %26 the URL works)_x000D_
_x000D_
`_x000D_
https://1.2.3.4:8443/ejbca/adminweb/ca/getcrl/getcrl?cmd=crl&issuer=E=network%40foo.bar%2CCN=foo%20SHA2%20ECDSA%20Root%20CA%2COU=foo%20&%20bar%20Center%2C_x000D_
`_x000D_
```_x000D_
2021-12-02 06:03:07,865+0000 INFO  [org.cesecore.audit.impl.log4j.Log4jDevice] (default task-5) 2021-12-02 06:03:07+00:00;ADMINWEB_ADMINISTRATORLOGGEDOUT;SUCCESS;ADMINWEB;EJBCA;UID=c-0ujdlan58r1dlphw7,CN=SuperAdmin,O=EJBCA Container Quickstart;922651399;438E3DA3C244E4F51539F1879EC5CE98EE9F62EC;;remoteip=140.124.3.61,_x000D_
2021-12-02 06:03:13,644+0000 INFO  [org.cesecore.audit.impl.log4j.Log4jDevice] (default task-5) 2021-12-02 06:03:13+00:00;ADMINWEB_ADMINISTRATORLOGGEDIN;SUCCESS;ADMINWEB;EJBCA;UID=c-0ujdlan58r1dlphw7,CN=SuperAdmin,O=EJBCA Container Quickstart;922651399;438E3DA3C244E4F51539F1879EC5CE98EE9F62EC;;remoteip=140.124.3.61,_x000D_
2021-12-02 06:03:13,646+0000 INFO  [org.cesecore.certificates.crl.CrlStoreSessionBean] (default task-5) Retrieved CRL from issuer 'UID=c-0ujdlan58r1dlphw7,CN=ManagementCA,O=EJBCA Container Quickstart', with CRL number 1.,_x000D_
2021-12-02 06:06:16,650+0000 INFO  [org.cesecore.certificates.certificate.CertificateStoreSessionBean] (EJB default - 1) Reloading CA certificate cache.,_x000D_
2021-12-02 06:06:46,044+0000 INFO  [org.cesecore.certificates.crl.CrlStoreSessionBean] (default task-5) Error retrieving CRL for issuer 'E=network@foo.bar,CN=foo SHA2 ECDSA Root CA,OU=foo' with CRL number 0._x000D_
```",primetomas: Thanks for the report. As a workaround it works to download in the Public Web and RA Web. The issue has been fixed for the next release. https://jira.primekey.se/browse/ECA-10437,primetomas: Thanks for the report. As a workaround it works to download in the Public Web and RA Web. The issue has been fixed for the next release. https://jira.primekey.se/browse/ECA-10437,Keyfactor__ejbca-ce___non-human.xlsx
2,Keyfactor/ejbca-ce,14,https://github.com/Keyfactor/ejbca-ce/issues/14,EJBCA Certificate Enrollment Error (Not Allow Signature Algorithm Different from CA),,"I have a question about when I use different Signature Algorithm Certificate profile against form CA_x000D_
Such like CA is using SHA512ECDSA and Certificate profile is setting up to SHA256RSA_x000D_
will get the enrollment error below_x000D_
_x000D_
_x000D_
```_x000D_
EJBCA Certificate Enrollment Error_x000D_
Username: _x000D_
Request failed. org.bouncycastle.operator.OperatorCreationException: cannot create signer: Supplied key_x000D_
(org.bouncycastle.jcajce.provider.asymmetric.ec.BCECPrivateKey) is not a RSAPrivateKey instance_x000D_
```","primetomas: Hi, This is as it should be. If the CA has an EC key, it can not sign with an RSA signature algorithm. A CA that has an EC key, i.e. Root CA that has signed itself with ECDSA, can only issue certificates signed using an ECDSA signature algorithm. This is the nature of the cryptography. Set the Certificate Profile setting to SHA256WithECDSA (or SHA384WithECDSA or SHA512WithECDSA)... Cheers, Tomas","primetomas: Hi, This is as it should be. If the CA has an EC key, it can not sign with an RSA signature algorithm. A CA that has an EC key, i.e. Root CA that has signed itself with ECDSA, can only issue certificates signed using an ECDSA signature algorithm. This is the nature of the cryptography. Set the Certificate Profile setting to SHA256WithECDSA (or SHA384WithECDSA or SHA512WithECDSA)... Cheers, Tomas",Keyfactor__ejbca-ce___non-human.xlsx
3,Keyfactor/ejbca-ce,15,https://github.com/Keyfactor/ejbca-ce/issues/15,WARNING: An illegal reflective access operation has occurred,,"Greetings colleagues._x000D_
It turns out that I am implementing the primekey/ejbca-ce image in a virtualized environment. I cloned the virtual server where I have it running and when I lift the container on the new server I get this error in the logs: _x000D_
WARNING: An illegal reflective access operation has occurred..._x000D_
I can access the public web via http but I cannot access the interface via https. _x000D_
I will appreciate any suggestions _x000D_
Thanks_x000D_
![error an illegal reflective access](https://user-images.githubusercontent.com/49497727/144940470-b7d03132-3d7c-4c3b-9598-59f0d79d9bd4.png)","primetomas: That is a warning from WildFly, not EJBCA. It's nothing to care about. You are using WildFly 22, so my guess is that the https/tls settings are not right. WildFly 22: https://doc.primekey.com/ejbca/ejbca-installation/application-servers/wildfly-22-jboss-eap-7-4 | blancoreyes: > That is a warning from WildFly, not EJBCA. It's nothing to care about. > > You are using WildFly 22, so my guess is that the https/tls settings are not right. WildFly 22: https://doc.primekey.com/ejbca/ejbca-installation/application-servers/wildfly-22-jboss-eap-7-4 Aren't those parameters supposed to be set automatic when the bin is first lifted? | primetomas: I'm not sure what parameters you are referring to? The bin (ejbca.ear) file can not configure TLS in WildFly, you can automate it in your container for sure. The message: WARNING: An illegal reflective access operation has occurred has nothing todo with this, this is completely harmless. You need to look elsewhere in the log for the description about TLS. That is not it.","primetomas: That is a warning from WildFly, not EJBCA. It's nothing to care about. You are using WildFly 22, so my guess is that the https/tls settings are not right. WildFly 22: https://doc.primekey.com/ejbca/ejbca-installation/application-servers/wildfly-22-jboss-eap-7-4
blancoreyes: > That is a warning from WildFly, not EJBCA. It's nothing to care about. > > You are using WildFly 22, so my guess is that the https/tls settings are not right. WildFly 22: https://doc.primekey.com/ejbca/ejbca-installation/application-servers/wildfly-22-jboss-eap-7-4 Aren't those parameters supposed to be set automatic when the bin is first lifted?
primetomas: I'm not sure what parameters you are referring to? The bin (ejbca.ear) file can not configure TLS in WildFly, you can automate it in your container for sure. The message: WARNING: An illegal reflective access operation has occurred has nothing todo with this, this is completely harmless. You need to look elsewhere in the log for the description about TLS. That is not it.
primetomas: Closing due to inactivity. For installation/configuration help, you can always use the forum and mailing list. Regards, Tomas",Keyfactor__ejbca-ce___non-human.xlsx
4,Keyfactor/ejbca-ce,16,https://github.com/Keyfactor/ejbca-ce/issues/16,New release due to log4j vulnurability,,Hi! There is a serious log4j vulnerability https://cve.mitre.org/cgi-bin/cvename.cgi?name=CVE-2021-44228. Is there a plan for a new release with an updated log4j?,CasparKielwein: I believe a default configured ejbca community edition uses log4j 1.12 which is not affected by the CVE which only affects log4j 2.0 to 2.14.1. | primetomas: Correct. We have analyzed the situation and concluded that EJBCA is not vulnerable.,"CasparKielwein: I believe a default configured ejbca community edition uses log4j 1.12 which is not affected by the CVE which only affects log4j 2.0 to 2.14.1.
primetomas: Correct. We have analyzed the situation and concluded that EJBCA is not vulnerable.",Keyfactor__ejbca-ce___non-human.xlsx
5,Keyfactor/ejbca-ce,17,https://github.com/Keyfactor/ejbca-ce/issues/17,log4j vulnerability,,"Is EJBCA impacted because of this? If yes, is there any mitigation that can be applied?",primetomas: Already answered here https://github.com/primekeydevs/ejbca-ce/issues/16,primetomas: Already answered here https://github.com/primekeydevs/ejbca-ce/issues/16,Keyfactor__ejbca-ce___non-human.xlsx
