sample_id,phase12_subset,repo,issue_number,human_associated_component,llm_associated_component,human_associated_component_semantic,llm_associated_component_semantic,full_agree,partial_agree,code_primary_semantic_agree
2,first_100,Keyfactor/ejbca-ce,55,ejbca- user notification,"Keyfactor EJBCA (Certificate Authority) - Email/User Notification System, Policy/configuration","key_management_or_ca, notification_logging","authentication_authorization, key_management_or_ca, notification_logging, policy_configuration",0,1,yes
3,first_100,Keyfactor/ejbca-ce,218,ejbca,Keyfactor EJBCA (Certificate Authority) core,key_management_or_ca,"authentication_authorization, key_management_or_ca",0,1,yes
4,first_100,Keyfactor/ejbca-ce,261,ejbca-REST API,"Keyfactor EJBCA (Certificate Authority) - REST End Entity Management V2 API, Web Client",api,"api, authentication_authorization, cli, key_management_or_ca, web_client",0,1,yes
5,first_100,Keyfactor/ejbca-ce,473,ejbca-web client,Keyfactor EJBCA (Certificate Authority) - Web Client,"cli, web_client","authentication_authorization, cli, key_management_or_ca, web_client",0,1,yes
6,first_100,Keyfactor/ejbca-ce,520,ejbca-REST API,Keyfactor EJBCA (Certificate Authority) - REST API,api,"api, authentication_authorization, key_management_or_ca",0,1,yes
7,first_100,Keyfactor/ejbca-ce,568,ejbca,Keyfactor EJBCA (Certificate Authority) core,key_management_or_ca,"authentication_authorization, key_management_or_ca",0,1,yes
8,first_100,Keyfactor/ejbca-ce,577,ejbca-key generation,"Keyfactor EJBCA (Certificate Authority) - Key Management Core / Secrets Backend, API",key_management_or_ca,"api, authentication_authorization, key_management_or_ca",0,1,yes
9,first_100,Keyfactor/ejbca-ce,824,ejbca,"Keyfactor EJBCA (Certificate Authority) - Release pipeline, installation/distribution",key_management_or_ca,"authentication_authorization, build_ci, key_management_or_ca, release_pipeline",0,1,yes
10,first_100,Keyfactor/signserver-ce,5,Signserver CLI,"Keyfactor SignServer - CLI tooling, Policy/configuration",cli,"cli, policy_configuration",0,1,yes
11,first_100,hashicorp/vault,13243,Hashcorp vault,HashiCorp Vault - Key Management Core / Secrets Backend (transit engine),hashcorp,key_management_or_ca,0,0,yes
12,first_100,hashicorp/vault,13246,Hashcorp vault,"HashiCorp Vault core, CLI tooling, Policy/configuration",hashcorp,"cli, core, policy_configuration",0,0,yes
13,first_100,hashicorp/vault,13304,Hashcorp vault-Error alert/ logging,"HashiCorp Vault core - HA leader election, Notification/Logging",notification_logging,"core ha leader election, key_management_or_ca, notification_logging",0,1,yes
14,first_100,hashicorp/vault,13305,Hash corp vault - azure storage container integration,"HashiCorp Vault - Policy/configuration, Key Management Core / Secrets Backend",hash corp azure storage container integration,"key_management_or_ca, policy_configuration",0,0,no
15,first_100,hashicorp/vault,13319,hash corp Vault- Policy engine,HashiCorp Vault - Policy/ACL path pattern matching,policy_configuration,policy_configuration,1,1,yes
16,first_100,hashicorp/vault,13346,Hash corp Vault,HashiCorp Vault core,hash corp,core,0,0,yes
17,first_100,hashicorp/vault,13358,Vault- OIDC Authentication,"HashiCorp Vault - CLI tooling, Authentication/Authorization tools","authentication_authorization, key_management_or_ca","authentication_authorization, cli, key_management_or_ca",0,1,yes
18,first_100,hashicorp/vault,13364,Hash corp Vault - API,HashiCorp Vault - API,api,api,1,1,yes
19,first_100,hashicorp/vault,13388,Hash corp vault- Postgresql secret engine integration,HashiCorp Vault - Key Management Core / Secrets Backend (PostgreSQL database secrets engine),key_management_or_ca,key_management_or_ca,1,1,yes
20,first_100,hashicorp/vault,14225,"Hash corp Vault - Service mgt , Kubernetes cluster integration",HashiCorp Vault core,"hash corp service mgt, kubernetes cluster integration",core,0,0,yes
21,first_100,hashicorp/vault,14275,hash corp vault,"HashiCorp Vault - API, Authentication/Authorization tools",hash corp,"api, authentication_authorization, key_management_or_ca",0,0,yes
22,first_100,hashicorp/vault,14394,Hash corp Vault,"HashiCorp Vault - CLI, Core",hash corp,"cli, core",0,0,yes
23,first_100,hashicorp/vault,15196,Vault- Web interface/client,"HashiCorp Vault - Web Client, Policy/configuration, API","cli, web_client","api, cli, policy_configuration, web_client",0,1,yes
24,first_100,hashicorp/vault,15210,Vault,HashiCorp Vault core,core,core,1,1,no
25,first_100,hashicorp/vault,15252,Hash corp vault- CLI error notification,HashiCorp Vault - CLI,"cli, key_management_or_ca, notification_logging",cli,0,1,no
26,first_100,hashicorp/vault,15641,hash corp vault - Release/package,HashiCorp Vault - Core,release_pipeline,core,0,0,yes
27,first_100,hashicorp/vault,16151,Hash corp vault,HashiCorp Vault core,hash corp,core,0,0,yes
28,first_100,hashicorp/vault,16158,Hash corp vault,"HashiCorp Vault core, CLI",hash corp,"cli, core",0,0,yes
29,first_100,hashicorp/vault,16282,hash corp vault- auth,HashiCorp Vault - API,authentication_authorization,api,0,0,yes
30,first_100,hashicorp/vault,16367,Hash corp vault- transit secret engine,HashiCorp Vault - Transit secrets engine,key_management_or_ca,key_management_or_ca,1,1,yes
31,first_100,hashicorp/vault,16424,hash corp vault,HashiCorp Vault core,hash corp,core,0,0,yes
32,first_100,hashicorp/vault,16529,hash corp vault-pki/transit engine,"HashiCorp Vault - Key Management Core / Secrets Backend, API",hash corp pki transit engine,"api, key_management_or_ca",0,0,no
33,first_100,hashicorp/vault,16750,"hash corp vault- authentication/Mfa, API","HashiCorp Vault - Authentication/Authorization tools, CLI tooling, API","api, authentication_authorization, key_management_or_ca","api, authentication_authorization, cli, key_management_or_ca",0,1,yes
34,first_100,hashicorp/vault,16820,hash corp vault- notification,HashiCorp Vault - Notification/Logging,"key_management_or_ca, notification_logging","key_management_or_ca, notification_logging",1,1,yes
35,first_100,hashicorp/vault,17130,Hash corp vault - oidc integration/authentication,"HashiCorp Vault - Authentication, CLI tooling","authentication_authorization, key_management_or_ca","authentication_authorization, cli, key_management_or_ca",0,1,yes
36,first_100,hashicorp/vault,17246,Hash corp vault - API,"HashiCorp Vault core, API, Authentication/Authorization tools",api,"api, authentication_authorization, core, key_management_or_ca",0,1,yes
37,first_100,hashicorp/vault,17325,Hash corp vault - Web client/ui,HashiCorp Vault - Web Client,"cli, web_client","cli, web_client",1,1,yes
38,first_100,hashicorp/vault,17475,"Hash corp vault - Web client/ui, authentication/oidc","HashiCorp Vault - Web Client, Authentication","authentication_authorization, cli, key_management_or_ca, web_client","authentication_authorization, cli, key_management_or_ca, web_client",1,1,yes
39,first_100,hashicorp/vault,17737,Hash corp vault,"HashiCorp Vault core, API",hash corp,"api, core",0,0,yes
40,first_100,hashicorp/vault,18151,Hash corp vault - Policy,"HashiCorp Vault - CLI tooling, Policy/configuration",policy_configuration,"cli, policy_configuration",0,1,yes
41,first_100,hashicorp/vault,18237,Hash corp vault,"HashiCorp Vault - Key Management Core / Secrets Backend, Policy/configuration, API",hash corp,"api, key_management_or_ca, policy_configuration",0,0,yes
42,first_100,hashicorp/vault,18248,Hash corp vault,HashiCorp Vault core,hash corp,core,0,0,yes
43,first_100,hashicorp/vault,18251,Hash corp vault,"HashiCorp Vault core, CLI",hash corp,"cli, core",0,0,yes
44,first_100,hashicorp/vault,18433,hash corp vault,"HashiCorp Vault - Web Client, Policy/configuration",hash corp,"cli, policy_configuration, web_client",0,0,yes
45,first_100,hashicorp/vault,18491,hash corp vault - Web client/UI,"HashiCorp Vault - Policy/configuration, Web Client","cli, web_client","cli, policy_configuration, web_client",0,1,yes
46,first_100,hashicorp/vault,18573,Hash Vault-API,HashiCorp Vault - API,api,api,1,1,yes
47,first_100,hashicorp/vault,19155,Vault-Plugins,HashiCorp Vault core,plugins,core,0,0,yes
48,first_100,hashicorp/vault,19209,hash Vault - Authentication,"HashiCorp Vault - Key Management Core / Secrets Backend, API","authentication_authorization, key_management_or_ca","api, key_management_or_ca",0,1,yes
49,first_100,hashicorp/vault,19490,Vault- Authentication,"HashiCorp Vault - Authentication/Authorization, CLI, Policy/configuration","authentication_authorization, key_management_or_ca","authentication_authorization, cli, key_management_or_ca, policy_configuration",0,1,yes
50,first_100,hashicorp/vault,19568,"Hash Vault - Web Client/UI, CLI",HashiCorp Vault - Web Client (Vault Browser CLI),"cli, web_client","cli, web_client",1,1,yes
51,first_100,hashicorp/vault,19697,Hash Vault,HashiCorp Vault core,hash,core,0,0,no
52,first_100,hashicorp/vault,20272,hash Vault-CLI,"HashiCorp Vault - CLI tooling, Authentication/Authorization tools",cli,"authentication_authorization, cli, key_management_or_ca",0,1,yes
53,first_100,hashicorp/vault,20589,hash vault,hashicorp/vault core,hash,core,0,0,yes
54,first_100,hashicorp/vault,21521,hash vault,HashiCorp Vault core,hash,core,0,0,yes
55,first_100,hashicorp/vault,21976,"Hash vault - CLI, plugin","HashiCorp Vault - CLI tooling, Authentication/Authorization tools","cli, plugin","authentication_authorization, cli, key_management_or_ca",0,1,yes
56,first_100,hashicorp/vault,22045,Hash Vault - Community,HashiCorp Vault core,hash community,core,0,0,yes
57,first_100,hashicorp/vault,22214,Hash Vault- Web Client/UI,"HashiCorp Vault - Web Client, Key Management Core / Secrets Backend","cli, web_client","cli, key_management_or_ca, web_client",0,1,yes
58,first_100,hashicorp/vault,22461,"Hash Vault- Authentication, community","HashiCorp Vault - AWS IAM Auth plugin, Policy/configuration","authentication_authorization, community, key_management_or_ca","authentication_authorization, policy_configuration",0,1,yes
59,first_100,hashicorp/vault,22578,Hash vault,HashiCorp Vault core,hash,core,0,0,yes
60,first_100,hashicorp/vault,22602,hash corp vault- secret engine,"HashiCorp Vault - AWS secrets engine, API",key_management_or_ca,"api, key_management_or_ca",0,1,yes
61,first_100,hashicorp/vault,23793,hash vault - authentication,"HashiCorp Vault core, Authentication/Authorization tools, API","authentication_authorization, key_management_or_ca","api, authentication_authorization, core, key_management_or_ca",0,1,no
62,first_100,hashicorp/vault,23800,Hash Vault-Web client/UI,"HashiCorp Vault - Web Client, Authentication/Authorization tools, API","cli, web_client","api, authentication_authorization, cli, key_management_or_ca, web_client",0,1,yes
63,first_100,hashicorp/vault,23941,"Hash Vault-Web client/UI, Policy","HashiCorp Vault - Web Client, Policy/configuration","cli, policy_configuration, web_client","cli, policy_configuration, web_client",1,1,yes
64,first_100,hashicorp/vault,24039,HAsh vault- API,"HashiCorp Vault - API, Authentication/Authorization (AppRole)",api,"api, authentication_authorization, key_management_or_ca",0,1,yes
65,first_100,hashicorp/vault,24255,Hash Vault,"HashiCorp Vault core - API, Notification/Logging",hash,"api, key_management_or_ca, notification_logging",0,0,yes
66,first_100,hashicorp/vault,24269,Hash Vault,HashiCorp Vault core,hash,core,0,0,yes
67,first_100,hashicorp/vault,24604,Hash vault,"HashiCorp Vault core, Policy/configuration",hash,"core, policy_configuration",0,0,yes
68,first_100,hashicorp/vault,24617,hash corp vault,"HashiCorp Vault core, Notification/Logging",hash corp,"core, key_management_or_ca, notification_logging",0,0,yes
69,first_100,hashicorp/vault,24725,hash corp vault,"HashiCorp Vault - Agent/Proxy auto_auth sinks, CLI",hash corp,"authentication_authorization, cli",0,0,no
70,first_100,hashicorp/vault,24853,hash vault - authentication,"HashiCorp Vault - Authentication/Authorization (Identity Store, Auth Methods)","authentication_authorization, key_management_or_ca","authentication_authorization, key_management_or_ca",1,1,yes
71,first_100,hashicorp/vault,24956,hash vault - authentication,"HashiCorp Vault - Authentication/Authorization tools, Policy/configuration","authentication_authorization, key_management_or_ca","authentication_authorization, key_management_or_ca, policy_configuration",0,1,yes
72,first_100,hashicorp/vault,25506,Hash Vault - CLI,"HashiCorp Vault - CLI tooling, Key Management Core / Secrets Backend",cli,"cli, key_management_or_ca",0,1,yes
73,first_100,hashicorp/vault,26164,hash Vault - Authentication/Authorization,"HashiCorp Vault - Authentication/Authorization, CLI, Policy/configuration","authentication_authorization, key_management_or_ca","authentication_authorization, cli, key_management_or_ca, policy_configuration",0,1,yes
74,first_100,hashicorp/vault,26180,Hash Vault - API,HashiCorp Vault - API,api,api,1,1,yes
75,first_100,hashicorp/vault,27343,hash Vault- OIDC/Authentication,"HashiCorp Vault - Authentication, Web Client, API","authentication_authorization, key_management_or_ca","api, authentication_authorization, cli, key_management_or_ca, web_client",0,1,no
76,first_100,hashicorp/vault,27344,hash vault,HashiCorp Vault core,hash,core,0,0,yes
77,first_100,hashicorp/vault,27805,"Hash Vault-Authentication, Secretc engine/database","HashiCorp Vault - Key Management Core / Secrets Backend, API","authentication_authorization, key_management_or_ca","api, key_management_or_ca",0,1,yes
78,first_100,hashicorp/vault,27935,"hash vault-notification, packaging","HashiCorp Vault core, installation/distribution","key_management_or_ca, notification_logging, packaging","build_ci, core, release_pipeline",0,0,yes
79,first_100,hashicorp/vault,28073,hash vault-authentication,"HashiCorp Vault core, API, Authentication/Authorization","authentication_authorization, key_management_or_ca","api, authentication_authorization, core, key_management_or_ca",0,1,no
80,first_100,hashicorp/vault,28457,hash Vault,HashiCorp Vault core,hash,core,0,0,yes
81,first_100,hashicorp/vault,28738,hash vault,HashiCorp Vault - Key Management Core / Secrets Backend,hash,key_management_or_ca,0,0,yes
82,first_100,hashicorp/vault,28792,hash vault-API,"HashiCorp Vault - API, CLI tooling, Authentication/Authorization tools",api,"api, authentication_authorization, cli, key_management_or_ca",0,1,yes
83,first_100,hashicorp/vault,28993,"hash vault-Auth/OIDC,Policy","HashiCorp Vault - Web Client, Authentication/Authorization tools, Policy/configuration, Key Management Core / Secrets Backend","authentication_authorization, policy_configuration","authentication_authorization, cli, key_management_or_ca, policy_configuration, web_client",0,1,yes
84,first_100,hashicorp/vault,29033,hash Vault,"HashiCorp Vault core, Notification/Logging",hash,"core, key_management_or_ca, notification_logging",0,0,yes
85,first_100,hashicorp/vault,29099,Hash Vault,"HashiCorp Vault core, CLI tooling, Notification/Logging, Web Client, Policy/configuration",hash,"cli, core, key_management_or_ca, notification_logging, policy_configuration, web_client",0,0,yes
86,first_100,hashicorp/vault,29101,hash vault-Web client/UI,HashiCorp Vault - Web Client,"cli, web_client","cli, web_client",1,1,yes
87,first_100,hashicorp/vault,29179,hash vault-Agent,"HashiCorp Vault - Authentication/Authorization tools, Policy/configuration",hash agent,"authentication_authorization, key_management_or_ca, policy_configuration",0,0,yes
88,first_100,hashicorp/vault,29287,Hash vault-authorization,"HashiCorp Vault - Key Management Core / Secrets Backend, Policy/configuration",authentication_authorization,"key_management_or_ca, policy_configuration",0,0,yes
89,first_100,hashicorp/vault,29362,Hash Vault-API,"HashiCorp Vault - Key Management Core / Secrets Backend, API, CLI tooling",api,"api, cli, key_management_or_ca",0,1,yes
90,first_100,hashicorp/vault,29417,hash Vault-CLi,"HashiCorp Vault - CLI, Authentication",cli,"authentication_authorization, cli, key_management_or_ca",0,1,yes
91,first_100,hashicorp/vault,29928,Hash Vault-API,"HashiCorp Vault - API, Policy/configuration",api,"api, policy_configuration",0,1,yes
92,first_100,hashicorp/vault,30362,hash vault-secret enginee,"HashiCorp Vault - Key Management Core / Secrets Backend, API, Policy/configuration",key_management_or_ca,"api, key_management_or_ca, policy_configuration",0,1,yes
93,first_100,hashicorp/vault,30858,Hash Vault- Documentation,"HashiCorp Vault core - TCP listener TLS configuration, Documentation",hash doc,"doc, policy_configuration",0,0,yes
94,first_100,hashicorp/vault,31343,Hash Vault,HashiCorp Vault core,hash,core,0,0,yes
95,first_100,hashicorp/vault,31372,Hash corp Vault,HashiCorp Vault core,hash corp,core,0,0,no
96,first_100,hashicorp/vault,31615,Hash VAult- Telemetry,"HashiCorp Vault - CLI, Telemetry",hash telemetry,"cli, telemetry",0,0,yes
97,first_100,hashicorp/vault,31621,Hash Vault-sdk framework,HashiCorp Vault core,hash sdk framework,core,0,0,yes
98,first_100,notaryproject/notation,211,Notation -Authentication,"notaryproject/notation core, CLI tooling, Authentication/Authorization tools","authentication_authorization, key_management_or_ca","authentication_authorization, cli, core, key_management_or_ca",0,1,yes
99,first_100,notaryproject/notation,233,Notation- CLI,"notation core, notation CLI",cli,"cli, core",0,1,yes
100,first_100,notaryproject/notation,320,notation,"notation CLI - sign, Key Management Core / Secrets Backend",core,"cli, key_management_or_ca, signing_workflow",0,0,yes
101,first_100,notaryproject/notation,379,Notation core,"notation CLI - push, notation CLI - verify",core,"cli, verification_workflow",0,0,yes
102,last_60,notaryproject/notation,383,"notation - CLI, Documentation","notation CLI - help text for sign, verify, key, certificate, plugin commands","cli, doc","cli, key_management_or_ca, plugin commands, signing_workflow, verification_workflow",0,1,yes
103,last_60,notaryproject/notation,547,"notation CLI, documentation","notation - CLI, Verification workflow, Policy/configuration","cli, doc","cli, key_management_or_ca, policy_configuration, verification_workflow",0,1,yes
104,last_60,notaryproject/notation,574,Notation CLI,Notation CLI,cli,cli,1,1,yes
105,last_60,notaryproject/notation,655,Notation CLI,"notation - CLI, core",cli,"cli, core",0,1,yes
106,last_60,notaryproject/notation,659,Notation CLI,"Notation CLI - Signing workflow, Verification workflow, Policy/configuration, API",cli,"api, cli, key_management_or_ca, policy_configuration, signing_workflow, verification_workflow",0,1,yes
107,last_60,notaryproject/notation,671,notation-cli,notation core,cli,core,0,0,yes
108,last_60,notaryproject/notation,829,Notation CLI,"notation CLI - sign, Notification/Logging",cli,"cli, key_management_or_ca, notification_logging, signing_workflow",0,1,yes
109,last_60,notaryproject/notation,851,Notation-core,notation core,core,core,1,1,no
110,last_60,notaryproject/notation,880,Notation-release,notation core,release_pipeline,core,0,0,yes
111,last_60,notaryproject/notation,1012,notation documentation; signing workflow; verification workflow,notation Core,"doc, key_management_or_ca, signing_workflow, verification_workflow",core,0,0,yes
112,last_60,notaryproject/notation,1239,notation core,notation Core,core,core,1,1,yes
113,last_60,openpubkey/openpubkey,4,"Openpubkey Client, OIDC Authentication","OpenPubKey core, API","authentication_authorization, cli, key_management_or_ca","api, core",0,0,yes
114,last_60,openpubkey/openpubkey,61,openpubkey,OpenPubKey core,core,core,1,1,yes
115,last_60,openpubkey/openpubkey,100,openpubkey-gitlab integration,OpenPubKey Core,gitlab integration,core,0,0,yes
116,last_60,openpubkey/openpubkey,137,openpubkey-Verification,OpenPubKey core,"key_management_or_ca, verification_workflow",core,0,0,yes
117,last_60,openpubkey/openpubkey,157,Openpubkey-OIDC Authentication,"OpenPubKey core, CLI tooling, Authentication/Authorization tools","authentication_authorization, key_management_or_ca","authentication_authorization, cli, core, key_management_or_ca",0,1,yes
118,last_60,openpubkey/openpubkey,226,openpubkey-web (chooser),OpenPubKey core,web_client,core,0,0,yes
119,last_60,openpubkey/openpubkey,254,Openpubkey CLI,"OpenPubKey core, CLI",cli,"cli, core",0,1,yes
120,last_60,sigstore/cosign,1048,cosign CLI,"cosign CLI - verify-blob, cosign CLI - verify (OCI images)",cli,"build_ci, cli, verification_workflow",0,1,yes
121,last_60,sigstore/cosign,1215,cosign-KMS integration,cosign core,key_management_or_ca,core,0,0,yes
122,last_60,sigstore/cosign,1288,cosign,"cosign core, CLI",core,"cli, core",0,1,yes
123,last_60,sigstore/cosign,1321,Cosign-Verification(Verify attestation),"cosign core, cosign CLI","key_management_or_ca, verification_workflow","cli, core",0,0,yes
124,last_60,sigstore/cosign,1323,cosign - notification,cosign core,"key_management_or_ca, notification_logging",core,0,0,yes
125,last_60,sigstore/cosign,1385,cosign,cosign core,core,core,1,1,no
126,last_60,sigstore/cosign,1443,cosign,cosign core,core,core,1,1,yes
127,last_60,sigstore/cosign,1554,cosign-signing workflow,"cosign core, CLI tooling, Signing workflow, Verification workflow, API",signing_workflow,"api, cli, core, key_management_or_ca, signing_workflow, verification_workflow",0,1,yes
128,last_60,sigstore/cosign,1642,cosign-error handling/notification,cosign core,"key_management_or_ca, notification_logging",core,0,0,yes
129,last_60,sigstore/cosign,1653,cosign-webhook (API),"cosign - Policy/configuration, Verification workflow","api, web_client","key_management_or_ca, policy_configuration, verification_workflow",0,0,yes
130,last_60,sigstore/cosign,1655,Cosign-signature storage,"cosign - Verification workflow, Policy/configuration",signing_workflow,"key_management_or_ca, policy_configuration, verification_workflow",0,0,yes
131,last_60,sigstore/cosign,1847,Cosign-Signing Workflow,"cosign CLI - sign-blob, verify-blob",signing_workflow,"cli, signing_workflow, verification_workflow",0,1,yes
132,last_60,sigstore/cosign,1853,cosign,"cosign core, Build/CI",core,"build_ci, core, web_client",0,1,yes
133,last_60,sigstore/cosign,1994,cosign,"cosign core, cosign CLI",core,"cli, core",0,1,yes
134,last_60,sigstore/cosign,2053,cosign-CLI,"cosign CLI - --k8s-keychain flag, documentation",cli,"cli, doc, key_management_or_ca",0,1,yes
135,last_60,sigstore/cosign,2068,cosign- versioning/release,cosign core,release_pipeline,core,0,0,yes
136,last_60,sigstore/cosign,2097,cosign_signing workflow,cosign - CLI sign-blob,signing_workflow,"cli, signing_workflow",0,1,yes
137,last_60,sigstore/cosign,2382,cosign - verification,"cosign - Signing workflow, Verification workflow, CLI tooling","key_management_or_ca, verification_workflow","cli, key_management_or_ca, signing_workflow, verification_workflow",0,1,yes
138,last_60,sigstore/cosign,2419,"cosign- apis, verfifcation workflow","cosign verify-blob CLI, Rekor API integration","api, key_management_or_ca","api, cli, verification_workflow",0,1,yes
139,last_60,sigstore/cosign,2462,"cosign - verification workflow, CLI",cosign core,"cli, key_management_or_ca, verification_workflow",core,0,0,yes
140,last_60,sigstore/cosign,2516,cosign - verification workflow,"cosign core, CLI tooling, Signing workflow","key_management_or_ca, verification_workflow","cli, core, signing_workflow",0,0,yes
141,last_60,sigstore/cosign,2518,"Cosign - Releases, API, CLI","cosign core, CLI, API, Build/CI, Release pipeline, Notification/Logging","api, cli, release_pipeline","api, build_ci, cli, core, key_management_or_ca, notification_logging, release_pipeline, web_client",0,1,yes
142,last_60,sigstore/cosign,2568,cosign,"cosign CLI - verify, Verification workflow",core,"cli, key_management_or_ca, verification_workflow",0,0,yes
143,last_60,sigstore/cosign,2593,cosign - CLI,cosign core,cli,core,0,0,yes
144,last_60,sigstore/cosign,2832,cosign - CLI,cosign CLI - verify-blob,cli,"cli, verification_workflow",0,1,yes
145,last_60,sigstore/cosign,2858,cosign,"cosign CLI - verify, Verification workflow",core,"cli, key_management_or_ca, verification_workflow",0,0,yes
146,last_60,sigstore/cosign,3025,cosign - key creation,cosign core,key_management_or_ca,core,0,0,yes
147,last_60,sigstore/cosign,3235,cosign - verifcation workflow,"cosign CLI - verify-attestation, Signing workflow, Verification workflow",key_management_or_ca,"cli, key_management_or_ca, signing_workflow, verification_workflow",0,1,yes
148,last_60,sigstore/cosign,3260,cosign - verifcation workflow,"cosign - CLI, Verification workflow",key_management_or_ca,"cli, key_management_or_ca, verification_workflow",0,1,yes
149,last_60,sigstore/cosign,3330,cosign - release/installation,cosign core,"build_ci, release_pipeline",core,0,0,yes
150,last_60,sigstore/cosign,3340,"cosign- signing workflow, OIDC authentication, CI/CD.",cosign core,"authentication_authorization, build_ci, key_management_or_ca, signing_workflow",core,0,0,yes
151,last_60,sigstore/cosign,3343,"Cosign - Signing workflow, CI/CD",cosign core,"build_ci, signing_workflow",core,0,0,yes
152,last_60,sigstore/cosign,3368,"Cosign - relase/installation, Verification workflow",cosign CLI - Verification workflow,"build_ci, key_management_or_ca, verification_workflow","cli, key_management_or_ca, verification_workflow",0,1,yes
153,last_60,sigstore/cosign,3465,cosign,"cosign - Signing workflow, Verification workflow, Policy/configuration",core,"key_management_or_ca, policy_configuration, signing_workflow, verification_workflow",0,0,yes
154,last_60,sigstore/cosign,3671,cosign - verififcation workflow,"cosign - CLI, Verification workflow",key_management_or_ca,"cli, key_management_or_ca, verification_workflow",0,1,yes
155,last_60,sigstore/cosign,3976,cosign - verififcation workflow,"cosign verify CLI, Verification workflow",key_management_or_ca,"cli, key_management_or_ca, verification_workflow",0,1,yes
156,last_60,sigstore/cosign,4012,cosign - Authentication (OIDC),cosign core,"authentication_authorization, key_management_or_ca",core,0,0,yes
157,last_60,sigstore/cosign,4076,cosign,cosign attest CLI,core,cli,0,0,yes
158,last_60,sigstore/cosign,4098,"cosign - Private installation, verification workflow","cosign core, Verification workflow, CLI tooling, API","build_ci, key_management_or_ca, verification_workflow","api, cli, core, key_management_or_ca, verification_workflow",0,1,yes
159,last_60,sigstore/cosign,4204,cosign - CLI,"cosign CLI - tree, Signing workflow, Verification workflow",cli,"cli, key_management_or_ca, signing_workflow, verification_workflow",0,1,yes
160,last_60,sigstore/fulcio,238,Fulcio,sigstore/fulcio core,key_management_or_ca,core,0,0,yes
