model_set,tool,theme_col,theme_or_category,beta,p_value,n_obs,n_months,df_resid,dispersion_pearson,dispersion_deviance,overdispersed_1_5,underdispersed_0_8,zero_frac_obs,zero_frac_pred_poisson,ljungbox_p_lag1,autocorr_sig_0_05,total_count
aggregate_by_component_theme,ALL,Associated Component Theme,API,-0.025587992380328415,4.7022093941234675e-83,49,49,47.0,2.962525348310616,3.201083049395402,True,False,0.0,5.430283182418916e-16,0.7606451817300454,False,3074
aggregate_by_component_theme,ALL,Associated Component Theme,Authentication/Authorization tools,-0.02130729320437538,4.6757962168568754e-33,49,49,47.0,2.224354927944274,2.3573641729519967,True,False,0.0,1.9549235775477594e-10,0.42526500869089023,False,1667
aggregate_by_component_theme,ALL,Associated Component Theme,Build/CI,-0.026226762664633894,2.8750396996029115e-78,49,49,47.0,2.462774692678819,2.7343326824739207,True,False,0.0,2.4228088598768353e-14,0.8193867653380038,False,2764
aggregate_by_component_theme,ALL,Associated Component Theme,CLI tooling,-0.02489378495840195,8.41545487034717e-81,49,49,47.0,2.9592044066041643,3.273620454773598,True,False,0.0,1.3332940385856846e-16,0.6349297647743357,False,3145
aggregate_by_component_theme,ALL,Associated Component Theme,Documentation/Help,-0.024294677084987525,1.3102121506498182e-49,49,49,47.0,2.3594027317280792,2.574114674514496,True,False,0.0,2.4857559308948936e-11,0.6462217948143285,False,1991
aggregate_by_component_theme,ALL,Associated Component Theme,Key Management Core (secret engine),-0.021628407497160912,1.0529801567360841e-19,49,49,47.0,1.2555438987479473,1.2982548900652175,False,False,0.0,1.8462335271163056e-06,0.1740642320335924,False,932
aggregate_by_component_theme,ALL,Associated Component Theme,Notification/Logging,-0.025209783200321315,4.0811353166728845e-46,49,49,47.0,2.066222645924558,2.3394540683214715,True,False,0.0,7.90059428711577e-10,0.3765088632803004,False,1723
aggregate_by_component_theme,ALL,Associated Component Theme,Policy/configuration,-0.024334507199912307,1.640847138923393e-57,49,49,47.0,2.2482037902261145,2.4155991588546093,True,False,0.0,7.224264992509303e-13,0.8624624621974556,False,2313
aggregate_by_component_theme,ALL,Associated Component Theme,Signing workflow,-0.029909665177527807,2.2058248910851802e-38,49,49,47.0,1.4412561088468663,1.4613686923512232,False,False,0.0,5.756260631409886e-06,0.08693255961538451,False,1041
aggregate_by_component_theme,ALL,Associated Component Theme,Verification workflow,-0.029104034407831773,2.1563195510910226e-37,49,49,47.0,2.1289733840357083,1.9974172816813967,True,False,0.0,3.64383220703203e-06,0.6231258504053552,False,1064
aggregate_by_component_theme,ALL,Associated Component Theme,Web Client,-0.023912226416987897,1.5709578842106309e-53,49,49,47.0,2.2515121802101805,2.5235349555184032,True,False,0.0,1.531818999738827e-12,0.16215184546791303,False,2219
aggregate_by_l1_theme,ALL,L1_Theme,Authentication friction,-0.02124214019447564,5.132480426265188e-34,49,49,47.0,2.2961654113150325,2.4300476792296437,True,False,0.0,8.987379989621878e-11,0.6617815853593463,False,1728
aggregate_by_l1_theme,ALL,L1_Theme,Build/CI/installation/distribution release issues,-0.026314990953074407,1.2673051771539826e-72,49,49,47.0,2.4067224082128993,2.6169503674488044,True,False,0.0,2.554999936006829e-13,0.7110637049152034,False,2544
aggregate_by_l1_theme,ALL,L1_Theme,Configuration friction,-0.023091827804234518,8.986378543377517e-54,49,49,47.0,2.3444512168890475,2.5649287864999417,True,False,0.0,1.385417949325552e-13,0.7250323994249861,False,2380
aggregate_by_l1_theme,ALL,L1_Theme,Integration failure/issues,-0.022937425599307684,2.6023133462791052e-39,49,49,47.0,1.8530634421640075,1.9894658205605593,True,False,0.0,1.9728443027070212e-10,0.3429092872846995,False,1740
aggregate_by_l1_theme,ALL,L1_Theme,Missing feature / enhancement request,-0.025918635508878966,1.484485249194355e-62,49,49,47.0,2.198329481652359,2.4169310452637807,True,False,0.0,4.484710575313116e-12,0.5279015768147561,False,2244
aggregate_by_l1_theme,ALL,L1_Theme,Notification/Logging /Web UI Issues,-0.024716200645207968,2.328600951533466e-66,49,49,47.0,2.558376987718012,2.8570101817339126,True,False,0.0,3.966820502301117e-14,0.4928948458197404,False,2604
aggregate_by_l1_theme,ALL,L1_Theme,Performance issue,-0.02373202577494808,9.549920545089363e-26,49,49,47.0,1.6829223902442025,1.8270528488445323,True,False,0.0,8.990027023109483e-07,0.009192121869524408,True,1044
aggregate_by_l1_theme,ALL,L1_Theme,Security concerns,-0.0211500314568294,8.178560925920153e-18,49,49,47.0,1.3151265242296646,1.3679146939534226,False,False,0.0,3.4806908462852604e-06,0.5415015631881193,False,871
aggregate_by_l1_theme,ALL,L1_Theme,Tedious Workflows,-0.016554985624502146,3.110455907983546e-05,49,49,47.0,1.2590171221512807,1.3241059024047486,False,False,0.02040816326530612,0.00312816126633002,0.7198589388531147,False,327
aggregate_by_l1_theme,ALL,L1_Theme,Unexpected behavior,-0.02221874786320276,5.120654663687926e-31,49,49,47.0,1.7885101643107189,1.8616026958427978,True,False,0.0,4.7155689952741275e-09,0.19670478597706445,False,1440
aggregate_by_l1_theme,ALL,L1_Theme,User confusion / unclear documentation/documentation improvements,-0.025061037471526913,1.561435872117797e-61,49,49,47.0,2.740571746087393,2.9566275921924112,True,False,0.0,8.223761650116928e-13,0.8630629967378871,False,2348
overall_usability_by_tool,Keyfactor/ejbca-ce,(all),(all usability),-0.001101748450402489,0.8357930053989595,49,49,47.0,1.4331327683951927,1.4410869223519416,False,False,0.04081632653061224,0.027033940090128376,0.37778426952467714,False,177
overall_usability_by_tool,Keyfactor/signserver-ce,(all),(all usability),0.013355270482906788,0.3701409816072203,49,49,47.0,1.5613465154662087,1.2761492126571141,True,False,0.6938775510204082,0.627811960395491,0.7089889951900584,False,23
overall_usability_by_tool,hashicorp/vault,(all),(all usability),-0.022541481508468474,3.140978924697703e-39,49,49,47.0,1.9874082593906042,2.1638952993429763,True,False,0.0,8.449065204280361e-11,0.7752798061374007,False,1794
overall_usability_by_tool,notaryproject/notation,(all),(all usability),-0.028137974889266296,5.355464814589982e-10,49,49,47.0,5.105975824955016,4.780492441779129,True,False,0.12244897959183673,0.01737055808408988,8.699129558134981e-05,True,267
overall_usability_by_tool,openpubkey/openpubkey,(all),(all usability),0.036968294327722966,4.484612780382871e-07,49,49,47.0,8.573550003355226,6.105941423496317,True,False,0.6530612244897959,0.17470200022595392,5.3392236716123563e-05,True,109
overall_usability_by_tool,sigstore/cosign,(all),(all usability),-0.0348130620249599,2.425258223777205e-32,49,49,47.0,2.5215690349723885,2.107426862414274,True,False,0.0,0.0005717842091080933,0.19774436659452901,False,665
overall_usability_by_tool,sigstore/fulcio,(all),(all usability),-0.05126199145368272,7.808839625074542e-18,49,49,47.0,1.524402085778239,1.5435249698281446,True,False,0.12244897959183673,0.11288103601382976,0.1959000760008728,False,188
overall_usability_by_tool,sigstore/rekor,(all),(all usability),-0.054188941145296696,6.133032964341953e-23,49,49,47.0,0.952535119219,1.0709260406928818,False,False,0.10204081632653061,0.09237592910423852,0.9305068709516175,False,228
tool_by_Associated_Component_Theme,Keyfactor/ejbca-ce,Associated Component Theme,API,-0.0026007039253505507,0.6525139962244887,49,49,47.0,1.40716788348461,1.3968350316031133,False,False,0.04081632653061224,0.047127133366527976,0.20278250169458642,False,150
tool_by_Associated_Component_Theme,Keyfactor/ejbca-ce,Associated Component Theme,Authentication/Authorization tools,0.010434814914068606,0.19826094171487207,49,49,47.0,1.0095414710808839,1.171205893858359,False,False,0.20408163265306123,0.21327892996724232,0.5320595864279427,False,77
tool_by_Associated_Component_Theme,Keyfactor/ejbca-ce,Associated Component Theme,Build/CI,-0.0005681891615135181,0.9151065557546634,49,49,47.0,1.4670169810345506,1.479853160544544,False,False,0.04081632653061224,0.027559160076260122,0.33598425039787094,False,176
tool_by_Associated_Component_Theme,Keyfactor/ejbca-ce,Associated Component Theme,CLI tooling,0.0009459798338371129,0.8707200978924015,49,49,47.0,1.5162770647582655,1.4360559614884671,True,False,0.04081632653061224,0.04882112760486811,0.5999409868860647,False,148
tool_by_Associated_Component_Theme,Keyfactor/ejbca-ce,Associated Component Theme,Documentation/Help,0.0021955455254134668,0.7306518776490318,49,49,47.0,1.421700020101969,1.3536130122743972,False,False,0.061224489795918366,0.08149838832871673,0.0686024866881306,False,123
tool_by_Associated_Component_Theme,Keyfactor/ejbca-ce,Associated Component Theme,Notification/Logging,-0.00014851498230712606,0.9831595410795276,49,49,47.0,1.3506239080469855,1.3878129456873078,False,False,0.14285714285714285,0.127299192240948,0.7225838451068423,False,101
tool_by_Associated_Component_Theme,Keyfactor/ejbca-ce,Associated Component Theme,Policy/configuration,0.0037757380521654263,0.5828090042992029,49,49,47.0,1.292241760896289,1.358561951531682,False,False,0.12244897959183673,0.11571525263238468,0.5233535462655281,False,106
tool_by_Associated_Component_Theme,Keyfactor/ejbca-ce,Associated Component Theme,Signing workflow,0.017718778391379822,0.2098004135093543,49,49,47.0,1.1287114795823747,1.1245182872810446,False,False,0.6122448979591837,0.5933264411196758,0.38180104975143625,False,26
tool_by_Associated_Component_Theme,Keyfactor/ejbca-ce,Associated Component Theme,Verification workflow,0.009121144063522721,0.5471594952050287,49,49,47.0,1.415012797550432,1.1548533236939056,False,False,0.673469387755102,0.639343375071743,0.12516216943423,False,22
tool_by_Associated_Component_Theme,Keyfactor/ejbca-ce,Associated Component Theme,Web Client,-0.0015152907836501362,0.8055491925553733,49,49,47.0,1.4535937423497167,1.4964654614114028,False,False,0.10204081632653061,0.06773089827579827,0.749746747460895,False,132
tool_by_Associated_Component_Theme,Keyfactor/signserver-ce,Associated Component Theme,API,0.020328558531114416,0.2213839141957461,49,49,47.0,1.8268880797473868,1.2865511956095053,True,False,0.7755102040816326,0.6826821712811076,0.846362773115807,False,19
tool_by_Associated_Component_Theme,Keyfactor/signserver-ce,Associated Component Theme,Authentication/Authorization tools,0.011422863460204644,0.5949904256908991,49,49,47.0,0.9714801511607423,0.7522151073932531,False,False,0.7959183673469388,0.7994452361734864,0.8530818186835332,False,11
tool_by_Associated_Component_Theme,Keyfactor/signserver-ce,Associated Component Theme,Build/CI,0.013355270482906788,0.3701409816072203,49,49,47.0,1.5613465154662087,1.2761492126571141,True,False,0.6938775510204082,0.627811960395491,0.7089889951900584,False,23
tool_by_Associated_Component_Theme,Keyfactor/signserver-ce,Associated Component Theme,CLI tooling,0.013355270482906788,0.3701409816072203,49,49,47.0,1.5613465154662087,1.2761492126571141,True,False,0.6938775510204082,0.627811960395491,0.7089889951900584,False,23
tool_by_Associated_Component_Theme,Keyfactor/signserver-ce,Associated Component Theme,Documentation/Help,0.01656815031878733,0.32807706197595754,49,49,47.0,1.5016081043834788,1.1448610601618652,True,False,0.7551020408163265,0.6950896076939329,0.24772797423098702,False,18
tool_by_Associated_Component_Theme,Keyfactor/signserver-ce,Associated Component Theme,Notification/Logging,-0.003752112998425737,0.8807968567745835,49,49,47.0,1.1384477177337002,0.6754923933615864,False,False,0.8571428571428571,0.8493976669107198,0.7854689706808251,False,8
tool_by_Associated_Component_Theme,Keyfactor/signserver-ce,Associated Component Theme,Policy/configuration,0.012069810830083839,0.5925788694961892,49,49,47.0,1.0088499138945592,0.7291161200055432,False,False,0.8163265306122449,0.8158866069121327,0.8129352748095667,False,10
tool_by_Associated_Component_Theme,Keyfactor/signserver-ce,Associated Component Theme,Signing workflow,0.01073096431760988,0.47961165126315364,49,49,47.0,1.6423052615617009,1.2921451562865949,True,False,0.7142857142857143,0.6397489296965988,0.5448534413235833,False,22
tool_by_Associated_Component_Theme,Keyfactor/signserver-ce,Associated Component Theme,Verification workflow,0.09016792269480088,0.3838886343841583,49,49,47.0,0.5793568469800494,0.14214370889147768,False,True,0.9795918367346939,0.9800534060100285,0.7804203055692078,False,1
tool_by_Associated_Component_Theme,Keyfactor/signserver-ce,Associated Component Theme,Web Client,0.005945898417400752,0.7371434291621397,49,49,47.0,1.075461467638394,0.9366017950789796,False,False,0.7346938775510204,0.721693625617275,0.8549475417189445,False,16
tool_by_Associated_Component_Theme,hashicorp/vault,Associated Component Theme,API,-0.022960021899392773,3.109668443661856e-38,49,49,47.0,1.884744856677445,2.023695615976388,True,False,0.0,3.69382166462697e-10,0.7438782481483812,False,1687
tool_by_Associated_Component_Theme,hashicorp/vault,Associated Component Theme,Authentication/Authorization tools,-0.02361435640785972,3.464381784561229e-26,49,49,47.0,1.7405707930923653,1.8357934999132275,True,False,0.0,6.169013638142446e-07,0.9337007175481291,False,1073
tool_by_Associated_Component_Theme,hashicorp/vault,Associated Component Theme,Build/CI,-0.024376335729781585,1.3336288981750549e-33,49,49,47.0,1.6681961630514879,1.7527525262510493,True,False,0.0,4.8998609500636314e-08,0.33676347763506226,False,1317
tool_by_Associated_Component_Theme,hashicorp/vault,Associated Component Theme,CLI tooling,-0.02311538778471014,2.5940758680705147e-39,49,49,47.0,1.8396479537264083,2.0121226688482783,True,False,0.0,2.898848452443335e-10,0.7383526938230545,False,1715
tool_by_Associated_Component_Theme,hashicorp/vault,Associated Component Theme,Documentation/Help,-0.026149546322951203,9.46066925124439e-31,49,49,47.0,1.7386513638691063,1.847729636768587,True,False,0.0,1.7088680426380688e-06,0.8149279541931537,False,1053
tool_by_Associated_Component_Theme,hashicorp/vault,Associated Component Theme,Key Management Core (secret engine),-0.021628407497160912,1.0529801567360841e-19,49,49,47.0,1.2555438987479473,1.2982548900652175,False,False,0.0,1.8462335271163056e-06,0.1740642320335924,False,932
tool_by_Associated_Component_Theme,hashicorp/vault,Associated Component Theme,Notification/Logging,-0.023878218771537136,1.6611228085202962e-24,49,49,47.0,1.4991107687063465,1.639650261806093,False,False,0.0,2.0090940220176014e-06,0.37438004995802177,False,979
tool_by_Associated_Component_Theme,hashicorp/vault,Associated Component Theme,Policy/configuration,-0.022525672969226116,2.2872695083556996e-31,49,49,47.0,1.7725641081273802,1.8610346295209557,True,False,0.0,6.860290229310088e-09,0.46548731775883045,False,1420
tool_by_Associated_Component_Theme,hashicorp/vault,Associated Component Theme,Signing workflow,-0.020655959307749633,3.338007765661184e-07,49,49,47.0,0.74044150991511,0.7511326048990654,False,True,0.0,0.00484200018267695,0.3125307852669414,False,321
tool_by_Associated_Component_Theme,hashicorp/vault,Associated Component Theme,Verification workflow,-0.021582515391344953,4.460791167422081e-05,49,49,47.0,1.3282098872972314,1.5625936569776517,False,False,0.061224489795918366,0.0363381566788841,0.6196339945750973,False,189
tool_by_Associated_Component_Theme,hashicorp/vault,Associated Component Theme,Web Client,-0.020370301005563744,2.0662637413677136e-23,49,49,47.0,1.8480737044712217,2.037116118596437,True,False,0.0,2.0022229017586478e-08,0.048607925512639386,True,1258
tool_by_Associated_Component_Theme,notaryproject/notation,Associated Component Theme,API,-0.02601344842316486,3.196162870425613e-07,49,49,47.0,3.8609447989814196,3.6397495333878997,True,False,0.14285714285714285,0.03294985015908394,0.0001618910825765747,True,209
tool_by_Associated_Component_Theme,notaryproject/notation,Associated Component Theme,Authentication/Authorization tools,-0.021080009457664077,0.042082805405551454,49,49,47.0,1.858905567998312,1.6728337194142384,True,False,0.46938775510204084,0.38359834735277426,0.003802516284756255,True,49
tool_by_Associated_Component_Theme,notaryproject/notation,Associated Component Theme,Build/CI,-0.026346440501636276,1.2782170500527046e-07,49,49,47.0,4.434171435744153,3.9583951941526414,True,False,0.12244897959183673,0.029616611629883896,7.513975780936536e-05,True,218
tool_by_Associated_Component_Theme,notaryproject/notation,Associated Component Theme,CLI tooling,-0.027908286675185707,1.992461871552151e-09,49,49,47.0,5.162982513193084,4.687657518075475,True,False,0.12244897959183673,0.020415063192314772,8.46216339095892e-05,True,253
tool_by_Associated_Component_Theme,notaryproject/notation,Associated Component Theme,Documentation/Help,-0.027908695104832626,1.9811898099217654e-06,49,49,47.0,3.136612069881231,3.3194053636710885,True,False,0.24489795918367346,0.0710506822188254,0.012408939241908782,True,159
tool_by_Associated_Component_Theme,notaryproject/notation,Associated Component Theme,Notification/Logging,-0.022810858714604854,0.0043697026701199045,49,49,47.0,2.4885847212343117,2.2180959799472575,True,False,0.32653061224489793,0.21002456889498006,6.536898997151939e-06,True,83
tool_by_Associated_Component_Theme,notaryproject/notation,Associated Component Theme,Policy/configuration,-0.025536351568634454,3.67170400006599e-05,49,49,47.0,3.4404540982486465,3.1413808357802275,True,False,0.24489795918367346,0.08612904192149365,0.00307280320698653,True,141
tool_by_Associated_Component_Theme,notaryproject/notation,Associated Component Theme,Signing workflow,-0.027114210463492355,0.0005300198684778989,49,49,47.0,1.90692599616132,2.1540820119197788,True,False,0.3469387755102041,0.199700946637881,0.0011975758609768668,True,89
tool_by_Associated_Component_Theme,notaryproject/notation,Associated Component Theme,Verification workflow,-0.023766236816228775,0.0005180685655205094,49,49,47.0,2.771326289270974,2.5479572963444275,True,False,0.2653061224489796,0.12642406864752087,0.0739430245744225,False,114
tool_by_Associated_Component_Theme,notaryproject/notation,Associated Component Theme,Web Client,-0.025552157059490252,0.0002824719140036037,49,49,47.0,1.8328957568892652,2.083439002874761,True,False,0.2653061224489796,0.14151307876687613,0.005875259577541183,True,109
tool_by_Associated_Component_Theme,openpubkey/openpubkey,Associated Component Theme,API,0.03895460865786552,1.0599021151189734e-05,49,49,47.0,6.0160632885202725,4.455833120276654,True,False,0.6938775510204082,0.2799448782558299,5.858873612647122e-05,True,76
tool_by_Associated_Component_Theme,openpubkey/openpubkey,Associated Component Theme,Authentication/Authorization tools,0.032025447898521194,0.00010105629259733491,49,49,47.0,6.792300623451283,4.673754986529072,True,False,0.673469387755102,0.23333711596727702,9.113415396343529e-06,True,83
tool_by_Associated_Component_Theme,openpubkey/openpubkey,Associated Component Theme,Build/CI,0.038763428400189266,4.978247909062245e-05,49,49,47.0,5.532851310674138,3.9022931969833525,True,False,0.7142857142857143,0.3269427666372167,5.9815262192474935e-06,True,65
tool_by_Associated_Component_Theme,openpubkey/openpubkey,Associated Component Theme,CLI tooling,0.04555126038557146,8.886633501520408e-06,49,49,47.0,4.817134271581793,3.388515526361348,True,False,0.673469387755102,0.3705787706759781,0.003706970426245975,True,60
tool_by_Associated_Component_Theme,openpubkey/openpubkey,Associated Component Theme,Documentation/Help,0.041608254957920726,4.170858539102906e-05,49,49,47.0,4.17806539828986,3.2844959909424345,True,False,0.6938775510204082,0.36484673048852323,1.080603821075847e-05,True,59
tool_by_Associated_Component_Theme,openpubkey/openpubkey,Associated Component Theme,Notification/Logging,0.03365585733310058,0.002783534551747151,49,49,47.0,3.93397660892675,2.698651033376448,True,False,0.7142857142857143,0.4338474897325759,0.00010851551916467143,True,45
tool_by_Associated_Component_Theme,openpubkey/openpubkey,Associated Component Theme,Policy/configuration,0.040356843057544015,0.0011571296433042194,49,49,47.0,2.629451967894522,2.2083945735830217,True,False,0.7346938775510204,0.49209362324063527,5.397714982320023e-05,True,39
tool_by_Associated_Component_Theme,openpubkey/openpubkey,Associated Component Theme,Signing workflow,0.02032855853111439,0.08791995812806089,49,49,47.0,3.961507040263897,2.525122444658343,True,False,0.7551020408163265,0.48066792408788245,5.211420065098563e-05,True,37
tool_by_Associated_Component_Theme,openpubkey/openpubkey,Associated Component Theme,Verification workflow,0.026230964712462248,0.05938514899338815,49,49,47.0,2.682051754388846,1.82020281746708,True,False,0.7551020408163265,0.5767773450325792,3.234185723275463e-05,True,28
tool_by_Associated_Component_Theme,openpubkey/openpubkey,Associated Component Theme,Web Client,0.03210197685963637,0.0033682960144962044,49,49,47.0,4.318564385431802,2.922212032442609,True,False,0.7346938775510204,0.41648594835439146,1.042220002374221e-05,True,47
tool_by_Associated_Component_Theme,sigstore/cosign,Associated Component Theme,API,-0.03630726436691539,2.2236696305060057e-30,49,49,47.0,1.9112105851035837,1.7339553057637005,True,False,0.0,0.0015336334557049655,0.5051305404401852,False,579
tool_by_Associated_Component_Theme,sigstore/cosign,Associated Component Theme,Authentication/Authorization tools,-0.027251642814524805,1.6547562947376957e-08,49,49,47.0,1.06204695826146,1.0890307404524218,False,False,0.02040816326530612,0.02510105325859532,0.47577265210444664,False,234
tool_by_Associated_Component_Theme,sigstore/cosign,Associated Component Theme,Build/CI,-0.03459067936664402,1.1031151791025973e-31,49,49,47.0,2.4735520519711085,2.061256756224154,True,False,0.0,0.0005882519674414035,0.22059320309883754,False,658
tool_by_Associated_Component_Theme,sigstore/cosign,Associated Component Theme,CLI tooling,-0.0315884591430413,8.084950490036865e-26,49,49,47.0,2.2134507910898167,1.8404485570101166,True,False,0.0,0.000521624708584854,0.159021364879592,False,621
tool_by_Associated_Component_Theme,sigstore/cosign,Associated Component Theme,Documentation/Help,-0.028463894903443806,1.7304587900362665e-14,49,49,47.0,1.2067232887819068,1.1746208296606615,False,False,0.0,0.003700919484555326,0.07495661722811124,False,399
tool_by_Associated_Component_Theme,sigstore/cosign,Associated Component Theme,Notification/Logging,-0.028065087283825504,3.2619622481661494e-10,49,49,47.0,1.5316585247985175,1.4540001286680078,True,False,0.02040816326530612,0.01565202534895665,0.3855249525357708,False,275
tool_by_Associated_Component_Theme,sigstore/cosign,Associated Component Theme,Policy/configuration,-0.03262961790346083,3.3453019031590266e-18,49,49,47.0,1.8321186879089313,1.5627831081788464,True,False,0.0,0.005428063834053147,0.2037519926268058,False,402
tool_by_Associated_Component_Theme,sigstore/cosign,Associated Component Theme,Signing workflow,-0.04357938809198492,2.6510834838673033e-27,49,49,47.0,1.7012680006055059,1.505511808371817,True,False,0.0,0.016678794549750266,0.6317850125848883,False,382
tool_by_Associated_Component_Theme,sigstore/cosign,Associated Component Theme,Verification workflow,-0.033152377976335294,1.1705293189787105e-26,49,49,47.0,2.2226433537697323,1.8747126028474026,True,False,0.0,0.0008940065245369616,0.20968760679091794,False,590
tool_by_Associated_Component_Theme,sigstore/cosign,Associated Component Theme,Web Client,-0.0352244657722885,4.944439402315136e-23,49,49,47.0,1.4318769654825292,1.263109735919811,False,False,0.0,0.0042243280204257725,0.24456973622717934,False,454
tool_by_Associated_Component_Theme,sigstore/fulcio,Associated Component Theme,API,-0.04854556158052091,1.7575779570888712e-14,49,49,47.0,1.285542336689592,1.3365101901004626,False,False,0.14285714285714285,0.12977679661305042,0.19427875036172376,False,162
tool_by_Associated_Component_Theme,sigstore/fulcio,Associated Component Theme,Authentication/Authorization tools,-0.04223332068256371,1.7234892389151964e-08,49,49,47.0,1.180146051383615,1.3269889639312846,False,False,0.22448979591836735,0.19263123378856312,0.12726620411256656,False,109
tool_by_Associated_Component_Theme,sigstore/fulcio,Associated Component Theme,Build/CI,-0.05126199145368272,7.808839625074542e-18,49,49,47.0,1.524402085778239,1.5435249698281446,True,False,0.12244897959183673,0.11288103601382976,0.1959000760008728,False,188
tool_by_Associated_Component_Theme,sigstore/fulcio,Associated Component Theme,CLI tooling,-0.04376212763164625,2.7718560203739165e-10,49,49,47.0,1.2421064526294232,1.4411142046115024,False,False,0.20408163265306123,0.15885202570481985,0.28569742849404034,False,129
tool_by_Associated_Component_Theme,sigstore/fulcio,Associated Component Theme,Documentation/Help,-0.05157071410197625,2.9454821218318825e-10,49,49,47.0,0.8795632172628666,1.009801883309554,False,False,0.2653061224489796,0.24841535534604411,0.2485846708976674,False,100
tool_by_Associated_Component_Theme,sigstore/fulcio,Associated Component Theme,Notification/Logging,-0.05576765396715751,9.898932335876917e-09,49,49,47.0,1.1483928208894294,1.1820823463383465,False,False,0.3673469387755102,0.3425214781642488,0.7940627531054738,False,74
tool_by_Associated_Component_Theme,sigstore/fulcio,Associated Component Theme,Policy/configuration,-0.044642621179451135,2.7000375499990632e-08,49,49,47.0,1.2010563899395912,1.35295151755192,False,False,0.30612244897959184,0.23079260228339105,0.4613012325029161,False,97
tool_by_Associated_Component_Theme,sigstore/fulcio,Associated Component Theme,Signing workflow,-0.04210473233847894,1.072933095225657e-06,49,49,47.0,1.1486478537706377,1.1923534752737612,False,False,0.20408163265306123,0.2678840439587713,0.06429378128432076,False,82
tool_by_Associated_Component_Theme,sigstore/fulcio,Associated Component Theme,Verification workflow,-0.0491890457476632,7.78784125065465e-06,49,49,47.0,0.9331532650552159,0.9899892631055912,False,False,0.3877551020408163,0.41212437028783716,0.609967374318443,False,54
tool_by_Associated_Component_Theme,sigstore/fulcio,Associated Component Theme,Web Client,-0.04731831354990448,2.0924233974339032e-08,49,49,47.0,1.2622700207772533,1.3553064504868708,False,False,0.30612244897959184,0.26012059178259195,0.10646652028258773,False,90
tool_by_Associated_Component_Theme,sigstore/rekor,Associated Component Theme,API,-0.0518110014640027,1.926390891303009e-18,49,49,47.0,1.1736356809580843,1.2678089977085651,False,False,0.14285714285714285,0.11127033726601858,0.16028177012100803,False,192
tool_by_Associated_Component_Theme,sigstore/rekor,Associated Component Theme,Authentication/Authorization tools,-0.08323211245057233,2.8034000912586277e-06,49,49,47.0,1.0163200841676492,0.9085557347330224,False,False,0.6326530612244898,0.6274072781504478,0.8022891622437008,False,31
tool_by_Associated_Component_Theme,sigstore/rekor,Associated Component Theme,Build/CI,-0.053111618149576295,2.1759762511197804e-12,49,49,47.0,0.8437683175430638,0.9257191433979537,False,False,0.16326530612244897,0.21234457975540436,0.6049020852553479,False,119
tool_by_Associated_Component_Theme,sigstore/rekor,Associated Component Theme,CLI tooling,-0.054465438174657425,4.472817772058537e-20,49,49,47.0,1.008276359999608,1.1246362288971983,False,False,0.12244897959183673,0.11733502171769125,0.4315683628097935,False,196
tool_by_Associated_Component_Theme,sigstore/rekor,Associated Component Theme,Documentation/Help,-0.04487012867159606,3.9879322113586527e-07,49,49,47.0,0.6802043695563064,0.7439242042853514,False,True,0.20408163265306123,0.2840434893541917,0.37322020993933547,False,80
tool_by_Associated_Component_Theme,sigstore/rekor,Associated Component Theme,Notification/Logging,-0.0558239772871281,5.194805292210268e-17,49,49,47.0,1.0222691270157558,1.2179573103901709,False,False,0.16326530612244897,0.16216605082358826,0.20115873784495,False,158
tool_by_Associated_Component_Theme,sigstore/rekor,Associated Component Theme,Policy/configuration,-0.06531412032328807,2.5635071977238496e-13,49,49,47.0,0.7100890999918372,0.8104832811612835,False,True,0.30612244897959184,0.3059894305319526,0.6810939284858961,False,98
tool_by_Associated_Component_Theme,sigstore/rekor,Associated Component Theme,Signing workflow,-0.05267805907798262,6.821853782477758e-09,49,49,47.0,1.2873514945514977,1.4214772002300822,False,False,0.3469387755102041,0.30414528634251264,0.1893949343262431,False,82
tool_by_Associated_Component_Theme,sigstore/rekor,Associated Component Theme,Verification workflow,-0.052103917626574174,2.4953404917581784e-07,49,49,47.0,1.046948928582217,1.1628301217250587,False,False,0.3673469387755102,0.3622460922369139,0.9678993134026542,False,66
tool_by_Associated_Component_Theme,sigstore/rekor,Associated Component Theme,Web Client,-0.062193801458343044,2.5593156535010708e-14,49,49,47.0,1.0384131408426893,1.1861398482641947,False,False,0.24489795918367346,0.26033986744078885,0.30193832236456786,False,113
tool_by_L1_Theme,Keyfactor/ejbca-ce,L1_Theme,Authentication friction,0.008272576085966508,0.29735231145685825,49,49,47.0,1.009211301653814,1.2026806962328922,False,False,0.20408163265306123,0.19895312191976822,0.9828038198409734,False,80
tool_by_L1_Theme,Keyfactor/ejbca-ce,L1_Theme,Build/CI/installation/distribution release issues,0.0008130296442315213,0.8985337771542075,49,49,47.0,1.3752168738840669,1.4111540173046404,False,False,0.08163265306122448,0.08128549696734051,0.3114047350096296,False,123
tool_by_L1_Theme,Keyfactor/ejbca-ce,L1_Theme,Configuration friction,0.005233000619305935,0.4383952848500492,49,49,47.0,1.1505301450344352,1.202173592077122,False,False,0.10204081632653061,0.107397616925637,0.7112822739045944,False,110
tool_by_L1_Theme,Keyfactor/ejbca-ce,L1_Theme,Integration failure/issues,0.010840128219638194,0.13787620480583812,49,49,47.0,0.9951077743287546,1.1005009287644334,False,False,0.12244897959183673,0.1501741891989807,0.7757714292270746,False,95
tool_by_L1_Theme,Keyfactor/ejbca-ce,L1_Theme,Missing feature / enhancement request,0.0003174615982943118,0.9715735911421882,49,49,47.0,1.4887211853110758,1.5389849222026135,False,False,0.32653061224489793,0.27645765225519475,0.9552090453395552,False,63
tool_by_L1_Theme,Keyfactor/ejbca-ce,L1_Theme,Notification/Logging /Web UI Issues,-0.003526934970409302,0.5567880808929881,49,49,47.0,1.315773309250363,1.373026239173254,False,False,0.061224489795918366,0.05920332004903968,0.9199445904555718,False,139
tool_by_L1_Theme,Keyfactor/ejbca-ce,L1_Theme,Performance issue,0.00605363874639983,0.48441397943153375,49,49,47.0,1.4382221637816985,1.5685351861520715,False,False,0.32653061224489793,0.25652172525090405,0.7203396481004583,False,67
tool_by_L1_Theme,Keyfactor/ejbca-ce,L1_Theme,Security concerns,-0.0013158806807109032,0.9086798292594702,49,49,47.0,0.8433220177158288,0.98627504769496,False,False,0.40816326530612246,0.46051673319284603,0.6323659282364166,False,38
tool_by_L1_Theme,Keyfactor/ejbca-ce,L1_Theme,Tedious Workflows,-0.013429302074417811,0.3892365756769225,49,49,47.0,1.0733881483007652,0.9404559339111939,False,False,0.6326530612244898,0.6535705001626637,0.6196054687540573,False,21
tool_by_L1_Theme,Keyfactor/ejbca-ce,L1_Theme,Unexpected behavior,-0.0013979588221192166,0.8488122290370473,49,49,47.0,1.2586175091219158,1.3263567516290327,False,False,0.14285714285714285,0.14997966466488244,0.6069498824514377,False,93
tool_by_L1_Theme,Keyfactor/ejbca-ce,L1_Theme,User confusion / unclear documentation/documentation improvements,0.0018047465607110547,0.7685379270740691,49,49,47.0,1.3750812209694037,1.356898125031707,False,False,0.061224489795918366,0.06641122110145452,0.0771729249976153,False,133
tool_by_L1_Theme,Keyfactor/signserver-ce,L1_Theme,Authentication friction,0.011422863460204644,0.5949904256908991,49,49,47.0,0.9714801511607423,0.7522151073932531,False,False,0.7959183673469388,0.7994452361734864,0.8530818186835332,False,11
tool_by_L1_Theme,Keyfactor/signserver-ce,L1_Theme,Build/CI/installation/distribution release issues,0.016492635744273933,0.3171367934227719,49,49,47.0,1.4714449559934428,1.1428081872091707,False,False,0.7346938775510204,0.6813044303123718,0.8221219497512743,False,19
tool_by_L1_Theme,Keyfactor/signserver-ce,L1_Theme,Configuration friction,0.0065496822096943125,0.7390497442415045,49,49,47.0,1.0743944390751767,0.8496292077698794,False,False,0.7755102040816326,0.7672021274157569,0.3721376081382931,False,13
tool_by_L1_Theme,Keyfactor/signserver-ce,L1_Theme,Integration failure/issues,0.019745947949037654,0.4129985996417108,49,49,47.0,1.0337665982700215,0.6933940922671239,False,False,0.8367346938775511,0.8332797754307459,0.9788974555080546,False,9
tool_by_L1_Theme,Keyfactor/signserver-ce,L1_Theme,Missing feature / enhancement request,0.011730787844539558,0.6215752373663341,49,49,47.0,1.4568905997186374,0.7840154333349347,False,False,0.8571428571428571,0.83259101485002,0.5778823125469821,False,9
tool_by_L1_Theme,Keyfactor/signserver-ce,L1_Theme,Notification/Logging /Web UI Issues,0.0050050120535374675,0.7774059867607913,49,49,47.0,0.9583097653529867,0.8783095275950684,False,False,0.7142857142857143,0.7216146716328595,0.24192836028026302,False,16
tool_by_L1_Theme,Keyfactor/signserver-ce,L1_Theme,Performance issue,0.005721770875666663,0.8308051325756505,49,49,47.0,1.1803902984224295,0.637650778791293,False,False,0.8775510204081632,0.866935722626271,0.9411130053913273,False,7
tool_by_L1_Theme,Keyfactor/signserver-ce,L1_Theme,Security concerns,-0.027007094352002242,0.4642043426003629,49,49,47.0,0.9305834007918735,0.4145771544564395,False,False,0.9183673469387755,0.9220438654202234,0.4995612869729269,False,4
tool_by_L1_Theme,Keyfactor/signserver-ce,L1_Theme,Unexpected behavior,0.01842756251672167,0.39694677571554404,49,49,47.0,1.5369764238525765,0.882945956353883,True,False,0.8367346938775511,0.8002652659598852,0.8061393200458973,False,11
tool_by_L1_Theme,Keyfactor/signserver-ce,L1_Theme,User confusion / unclear documentation/documentation improvements,0.01656815031878733,0.32807706197595754,49,49,47.0,1.5016081043834788,1.1448610601618652,True,False,0.7551020408163265,0.6950896076939329,0.24772797423098702,False,18
tool_by_L1_Theme,hashicorp/vault,L1_Theme,Authentication friction,-0.022898281440547088,4.1789328519454035e-26,49,49,47.0,1.8586264845568847,1.9528869007583098,True,False,0.0,2.3922272730878553e-07,0.8801343268319253,False,1133
tool_by_L1_Theme,hashicorp/vault,L1_Theme,Build/CI/installation/distribution release issues,-0.024527041216878275,5.711224750379668e-34,49,49,47.0,1.693789899764997,1.7787253750353076,True,False,0.0,5.199583577712329e-08,0.2832823018174376,False,1317
tool_by_L1_Theme,hashicorp/vault,L1_Theme,Configuration friction,-0.021916329641095165,9.589628604629568e-31,49,49,47.0,1.7183489833804264,1.8258391186512168,True,False,0.0,3.0812194712961086e-09,0.2533459371101881,False,1464
tool_by_L1_Theme,hashicorp/vault,L1_Theme,Integration failure/issues,-0.022568385891840882,2.353306562615461e-20,49,49,47.0,1.3045452909030726,1.3673267585832865,False,False,0.0,3.978150770116123e-06,0.44109774091253884,False,891
tool_by_L1_Theme,hashicorp/vault,L1_Theme,Missing feature / enhancement request,-0.023258847890521964,4.697078106138706e-31,49,49,47.0,1.773874124364909,1.8584687384256484,True,False,0.0,2.9261095009537257e-08,0.15369287815276197,False,1323
tool_by_L1_Theme,hashicorp/vault,L1_Theme,Notification/Logging /Web UI Issues,-0.021951916626906882,5.6649639164783365e-31,49,49,47.0,1.7823292885498154,1.9521464803514623,True,False,0.0,2.8794723491767002e-09,0.26219750772564326,False,1471
tool_by_L1_Theme,hashicorp/vault,L1_Theme,Performance issue,-0.022166039467437205,3.39392844264859e-14,49,49,47.0,1.223836050386911,1.2958331167791306,False,False,0.0,0.00010598349658847617,0.17625858829153487,False,620
tool_by_L1_Theme,hashicorp/vault,L1_Theme,Security concerns,-0.019724841896234625,6.706101909137901e-12,49,49,47.0,1.181344166947898,1.1737570189768936,False,False,0.0,5.575043123118582e-05,0.15401668649704053,False,634
tool_by_L1_Theme,hashicorp/vault,L1_Theme,Tedious Workflows,-0.015219945246177584,0.0037880582167457008,49,49,47.0,1.4353680779405888,1.5471505247350716,False,False,0.061224489795918366,0.030101257825621716,0.8329987465423263,False,186
tool_by_L1_Theme,hashicorp/vault,L1_Theme,Unexpected behavior,-0.022994711212821962,3.1869998979899804e-21,49,49,47.0,1.2293855860027074,1.2111551570543426,False,False,0.0,4.002707685283155e-06,0.7263868757870033,False,900
tool_by_L1_Theme,hashicorp/vault,L1_Theme,User confusion / unclear documentation/documentation improvements,-0.025345074379558463,3.9783454151669664e-36,49,49,47.0,1.963049041005502,2.0678135958869293,True,False,0.0,6.772043485206995e-08,0.9115752811949946,False,1322
tool_by_L1_Theme,notaryproject/notation,L1_Theme,Authentication friction,-0.019096641551435034,0.05910483145734056,49,49,47.0,1.6470298158543912,1.6299171908869265,True,False,0.4489795918367347,0.3666714690257325,0.009923069373823989,True,51
tool_by_L1_Theme,notaryproject/notation,L1_Theme,Build/CI/installation/distribution release issues,-0.025818377145397413,1.0055000162183865e-06,49,49,47.0,3.3271198279517615,3.2022974595950715,True,False,0.12244897959183673,0.04023256521766994,5.844967539209784e-05,True,194
tool_by_L1_Theme,notaryproject/notation,L1_Theme,Configuration friction,-0.020113727438910302,0.0002816245422032485,49,49,47.0,4.88649794280146,3.910048097245746,True,False,0.1836734693877551,0.04576465323632367,0.0005019059378037,True,171
tool_by_L1_Theme,notaryproject/notation,L1_Theme,Integration failure/issues,-0.02494088781470661,0.00011232353971968229,49,49,47.0,2.6427703536610885,2.656638944693922,True,False,0.24489795918367346,0.10202139590435665,0.0004340482707893283,True,129
tool_by_L1_Theme,notaryproject/notation,L1_Theme,Missing feature / enhancement request,-0.024433780744029163,1.5305232834648053e-05,49,49,47.0,3.0352787653514466,3.145440988238349,True,False,0.1836734693877551,0.05555525670428681,0.0004802849668231775,True,168
tool_by_L1_Theme,notaryproject/notation,L1_Theme,Notification/Logging /Web UI Issues,-0.024426294538970345,5.914222892114758e-05,49,49,47.0,2.9668248136416957,2.9816037779047284,True,False,0.24489795918367346,0.07864129421311558,0.00036301559255094836,True,145
tool_by_L1_Theme,notaryproject/notation,L1_Theme,Performance issue,-0.02491145532469221,0.015273413709036562,49,49,47.0,1.878491055673618,1.7160532994613051,True,False,0.4489795918367347,0.3756433414010511,0.0010443885694666293,True,51
tool_by_L1_Theme,notaryproject/notation,L1_Theme,Security concerns,-0.01101466790957361,0.4303821766582764,49,49,47.0,1.271113455461597,1.2042770176922168,False,False,0.6326530612244898,0.5902361731874352,0.12614858516430671,False,26
tool_by_L1_Theme,notaryproject/notation,L1_Theme,Tedious Workflows,-0.013953722909034969,0.31993074065434024,49,49,47.0,1.311942931702154,1.21076923742552,False,False,0.6326530612244898,0.5914236329972126,0.13467518430503678,False,26
tool_by_L1_Theme,notaryproject/notation,L1_Theme,Unexpected behavior,-0.020131749544527445,0.012914782572486431,49,49,47.0,2.5635957259495563,2.343573726409142,True,False,0.3673469387755102,0.21577217486948733,0.1374205144492659,False,80
tool_by_L1_Theme,notaryproject/notation,L1_Theme,User confusion / unclear documentation/documentation improvements,-0.02763668726005981,3.0360753141281002e-06,49,49,47.0,3.5310160853951684,3.6205749704674455,True,False,0.2653061224489796,0.07348379567734985,0.022190012927677864,True,156
tool_by_L1_Theme,openpubkey/openpubkey,L1_Theme,Authentication friction,0.028298111624252515,0.0011927620976427058,49,49,47.0,5.788662864052739,4.168483148926244,True,False,0.6938775510204082,0.2670917282359962,2.243540576830374e-06,True,72
tool_by_L1_Theme,openpubkey/openpubkey,L1_Theme,Build/CI/installation/distribution release issues,0.038763428400189266,4.978247909062245e-05,49,49,47.0,5.532851310674138,3.9022931969833525,True,False,0.7142857142857143,0.3269427666372167,5.9815262192474935e-06,True,65
tool_by_L1_Theme,openpubkey/openpubkey,L1_Theme,Configuration friction,0.03989912195877806,0.0017177830383019006,49,49,47.0,2.266190876481823,2.0268923123475897,True,False,0.7346938775510204,0.507644322192335,3.088529490711056e-06,True,37
tool_by_L1_Theme,openpubkey/openpubkey,L1_Theme,Integration failure/issues,0.033118701248391315,0.005432831320671116,49,49,47.0,2.6948626969680105,2.216756029190597,True,False,0.7142857142857143,0.4716043220059387,1.33913597724266e-06,True,40
tool_by_L1_Theme,openpubkey/openpubkey,L1_Theme,Missing feature / enhancement request,0.03888088276619618,2.438152870741184e-05,49,49,47.0,6.26994837234489,4.132063537001905,True,False,0.6938775510204082,0.30446552583369685,0.00023273988787420445,True,70
tool_by_L1_Theme,openpubkey/openpubkey,L1_Theme,Notification/Logging /Web UI Issues,0.03654275393438786,0.0003852165028529914,49,49,47.0,4.456534403983998,3.160003505028993,True,False,0.6938775510204082,0.37425745853643566,2.954736620748351e-05,True,55
tool_by_L1_Theme,openpubkey/openpubkey,L1_Theme,Performance issue,0.030385077907825707,0.05611538903601955,49,49,47.0,2.1744530409035017,1.4791765350355914,True,False,0.7755102040816326,0.6494413919249757,2.4645071670243574e-06,True,22
tool_by_L1_Theme,openpubkey/openpubkey,L1_Theme,Security concerns,0.018963152910939078,0.20802748351661438,49,49,47.0,2.742778892630375,1.741651156822567,True,False,0.8163265306122449,0.630216774968003,3.1001789618913715e-05,True,23
tool_by_L1_Theme,openpubkey/openpubkey,L1_Theme,Tedious Workflows,0.012578967399894845,0.8031943125340044,49,49,47.0,0.983806521722824,0.2708935255959346,False,False,0.9591836734693877,0.9600305758413258,0.0005709172542699503,True,2
tool_by_L1_Theme,openpubkey/openpubkey,L1_Theme,Unexpected behavior,0.03287876514968739,0.025935214431898387,49,49,47.0,3.0349267771221813,1.7806157365978064,True,False,0.7755102040816326,0.6048277163344242,0.00222619707861099,True,26
tool_by_L1_Theme,openpubkey/openpubkey,L1_Theme,User confusion / unclear documentation/documentation improvements,0.03814248810747205,0.00023202176017374145,49,49,47.0,3.4625224724284265,2.9171318230448446,True,False,0.6938775510204082,0.3781079676425219,7.337318239067838e-07,True,55
tool_by_L1_Theme,sigstore/cosign,L1_Theme,Authentication friction,-0.026300666955105002,1.6299514404249264e-08,49,49,47.0,1.0274135028261528,1.0485375155153054,False,False,0.02040816326530612,0.019272085718081297,0.739284075331011,False,250
tool_by_L1_Theme,sigstore/cosign,L1_Theme,Build/CI/installation/distribution release issues,-0.03439824590241585,5.68784650372992e-26,49,49,47.0,1.9040783941728365,1.5721593666981246,True,False,0.0,0.0017369010794346163,0.3426032140677761,False,538
tool_by_L1_Theme,sigstore/cosign,L1_Theme,Configuration friction,-0.030801336859415586,4.2765194379955314e-16,49,49,47.0,1.6418330779239,1.4725216160725418,True,False,0.02040816326530612,0.0052205607800453035,0.5312280885848264,False,389
tool_by_L1_Theme,sigstore/cosign,L1_Theme,Integration failure/issues,-0.029315085374040806,1.4119415997113579e-15,49,49,47.0,1.3350308987123067,1.2013711498184354,False,False,0.0,0.0035673840481821764,0.47532764721624987,False,410
tool_by_L1_Theme,sigstore/cosign,L1_Theme,Missing feature / enhancement request,-0.03747466276235763,3.96951571829099e-18,49,49,47.0,1.1423757614186587,1.1477855527358833,False,False,0.02040816326530612,0.01921151274096289,0.10055085338369896,False,315
tool_by_L1_Theme,sigstore/cosign,L1_Theme,Notification/Logging /Web UI Issues,-0.03213063642296844,8.835704285138625e-22,49,49,47.0,1.8543336514824573,1.6049577926455556,True,False,0.0,0.001852634019126661,0.1880032003181466,False,502
tool_by_L1_Theme,sigstore/cosign,L1_Theme,Performance issue,-0.03866360182847109,2.141005625784195e-10,49,49,47.0,0.8480103050619271,1.0588927156764274,False,False,0.10204081632653061,0.09890400331032512,0.16758732294901105,False,160
tool_by_L1_Theme,sigstore/cosign,L1_Theme,Security concerns,-0.03490683517736515,1.4147608732682012e-05,49,49,47.0,1.1303743933544514,1.3759862959969633,False,False,0.2653061224489796,0.22173417106780394,0.13422685068643866,False,89
tool_by_L1_Theme,sigstore/cosign,L1_Theme,Tedious Workflows,-0.01656373500440605,0.06317047599957032,49,49,47.0,1.1186840793268231,1.2715583839821172,False,False,0.2857142857142857,0.27788936287635474,0.13999189346693994,False,65
tool_by_L1_Theme,sigstore/cosign,L1_Theme,Unexpected behavior,-0.027627129457803212,6.1496900627893076e-09,49,49,47.0,1.2725765572886059,1.2836652242151925,False,False,0.02040816326530612,0.02310765232793555,0.3916410774596074,False,242
tool_by_L1_Theme,sigstore/cosign,L1_Theme,User confusion / unclear documentation/documentation improvements,-0.03052156882473677,5.3940724224080535e-18,49,49,47.0,1.5091507434306537,1.3911465046199438,True,False,0.0,0.002711934111586752,0.06618758886155163,False,447
tool_by_L1_Theme,sigstore/fulcio,L1_Theme,Authentication friction,-0.04272427624210287,9.270174494879503e-08,49,49,47.0,1.1993544671620886,1.3629911681876965,False,False,0.24489795918367346,0.22675988300771777,0.018382811531868163,True,96
tool_by_L1_Theme,sigstore/fulcio,L1_Theme,Build/CI/installation/distribution release issues,-0.05333694972875257,4.678626689166698e-17,49,49,47.0,1.3317958188431962,1.3478320211518124,False,False,0.12244897959183673,0.1395683004450734,0.13057619222572397,False,169
tool_by_L1_Theme,sigstore/fulcio,L1_Theme,Configuration friction,-0.04683983869843085,5.481259379769967e-09,49,49,47.0,1.1733162985205625,1.1839844491311153,False,False,0.24489795918367346,0.23342326010947767,0.9767583384527048,False,99
tool_by_L1_Theme,sigstore/fulcio,L1_Theme,Integration failure/issues,-0.04605980980753477,1.5401583913603083e-09,49,49,47.0,1.2832571616435533,1.3830408568427843,False,False,0.20408163265306123,0.2064286321416272,0.002079688263982904,True,109
tool_by_L1_Theme,sigstore/fulcio,L1_Theme,Missing feature / enhancement request,-0.04379619216699522,2.5233697472632786e-11,49,49,47.0,1.4242280513606609,1.48191720267883,False,False,0.14285714285714285,0.13578682527973504,0.2439409373601775,False,144
tool_by_L1_Theme,sigstore/fulcio,L1_Theme,Notification/Logging /Web UI Issues,-0.053400618726417125,9.826633146280501e-12,49,49,47.0,1.096239283653727,1.1136695021265954,False,False,0.22448979591836735,0.22983512537883527,0.23568131556904431,False,111
tool_by_L1_Theme,sigstore/fulcio,L1_Theme,Performance issue,-0.037158487981822134,0.0001918483643042946,49,49,47.0,0.9602901143864228,1.1197765177348882,False,False,0.3469387755102041,0.3531997300742387,0.15178979326844216,False,59
tool_by_L1_Theme,sigstore/fulcio,L1_Theme,Security concerns,-0.05260962248223723,0.00015519430630211184,49,49,47.0,0.9956996547920153,1.0398423311619196,False,False,0.5510204081632653,0.5459926647938406,0.15355717342536573,False,35
tool_by_L1_Theme,sigstore/fulcio,L1_Theme,Tedious Workflows,-0.0012500781977945125,0.9511717816090981,49,49,47.0,0.7872071688208204,0.7183442009031955,False,True,0.7551020408163265,0.782791745928515,0.11364252408937124,False,12
tool_by_L1_Theme,sigstore/fulcio,L1_Theme,Unexpected behavior,-0.04807476253385365,0.0004039266962517991,49,49,47.0,0.7326924908579411,0.8697322602322611,False,True,0.4897959183673469,0.5381390935879732,0.01567444528990174,True,35
tool_by_L1_Theme,sigstore/fulcio,L1_Theme,User confusion / unclear documentation/documentation improvements,-0.05311876797451926,9.512407458629898e-12,49,49,47.0,0.905121929067561,1.0530336334522596,False,False,0.24489795918367346,0.22660234836846707,0.40268792345333215,False,112
tool_by_L1_Theme,sigstore/rekor,L1_Theme,Authentication friction,-0.07698115943885599,1.636271776761648e-06,49,49,47.0,0.9299768766052844,0.9047359475937551,False,False,0.5918367346938775,0.5898333163048743,0.8142009391532052,False,35
tool_by_L1_Theme,sigstore/rekor,L1_Theme,Build/CI/installation/distribution release issues,-0.053111618149576295,2.1759762511197804e-12,49,49,47.0,0.8437683175430638,0.9257191433979537,False,False,0.16326530612244897,0.21234457975540436,0.6049020852553479,False,119
tool_by_L1_Theme,sigstore/rekor,L1_Theme,Configuration friction,-0.06078738864083258,3.512300649831649e-12,49,49,47.0,0.7518832210941233,0.8627032562481256,False,True,0.2857142857142857,0.2911047143835297,0.9459559757013929,False,97
tool_by_L1_Theme,sigstore/rekor,L1_Theme,Integration failure/issues,-0.04658551403795408,1.0503507833646382e-05,49,49,47.0,0.8917720632360316,1.040336201958052,False,False,0.3877551020408163,0.3889188201663626,0.5853129273167279,False,57
tool_by_L1_Theme,sigstore/rekor,L1_Theme,Missing feature / enhancement request,-0.06123423774793875,2.163002633492475e-18,49,49,47.0,0.9274198051935406,0.9749078481017569,False,False,0.14285714285714285,0.19169033877906172,0.13978493172255485,False,152
tool_by_L1_Theme,sigstore/rekor,L1_Theme,Notification/Logging /Web UI Issues,-0.05681179732063341,4.309875566769274e-18,49,49,47.0,0.9587503599106807,1.114177979859149,False,False,0.16326530612244897,0.1575559623223907,0.5308126662585084,False,165
tool_by_L1_Theme,sigstore/rekor,L1_Theme,Performance issue,-0.05077951865973935,2.08623329809792e-06,49,49,47.0,1.1250076611454576,1.1628064527738031,False,False,0.40816326530612246,0.39547428064855455,0.2884987535320188,False,58
tool_by_L1_Theme,sigstore/rekor,L1_Theme,Security concerns,-0.058874671758229205,0.001181257973629947,49,49,47.0,0.9410107410087142,0.8199974250247154,False,False,0.6530612244897959,0.6743149153105938,0.06243295470870207,False,22
tool_by_L1_Theme,sigstore/rekor,L1_Theme,Tedious Workflows,-0.06637298509952466,0.0038512169155964773,49,49,47.0,0.9859411512536517,0.7094822244747643,False,False,0.7551020408163265,0.7603655685418641,0.893172727692685,False,15
tool_by_L1_Theme,sigstore/rekor,L1_Theme,Unexpected behavior,-0.049065795125434825,9.825395446212342e-06,49,49,47.0,1.0922114227027955,1.291142031170276,False,False,0.46938775510204084,0.41735314335155893,0.0686540695831685,False,53
tool_by_L1_Theme,sigstore/rekor,L1_Theme,User confusion / unclear documentation/documentation improvements,-0.04697262737660896,1.753247714538973e-09,49,49,47.0,0.6832889927985736,0.7957948050171765,False,True,0.1836734693877551,0.2190260247190521,0.708096278328719,False,105
tool_by_L1_Theme_Secondary,Keyfactor/ejbca-ce,L1_Theme Secondary,Cognitive Friction,-0.0012651412995718662,0.8177051031778387,49,49,47.0,1.4156456238315163,1.4161536128127667,False,False,0.04081632653061224,0.03384649874301979,0.5140707030620767,False,166
tool_by_L1_Theme_Secondary,Keyfactor/ejbca-ce,L1_Theme Secondary,Functional Gap,0.0003174615982943118,0.9715735911421882,49,49,47.0,1.4887211853110758,1.5389849222026135,False,False,0.32653061224489793,0.27645765225519475,0.9552090453395552,False,63
tool_by_L1_Theme_Secondary,Keyfactor/ejbca-ce,L1_Theme Secondary,Functional Reliability,-0.0015324021041506074,0.8093309671916556,49,49,47.0,1.597144408518464,1.4867053915692987,True,False,0.061224489795918366,0.07972996997855605,0.49505760425878753,False,124
tool_by_L1_Theme_Secondary,Keyfactor/ejbca-ce,L1_Theme Secondary,Operational Friction,0.00017857165652932324,0.9738877716135592,49,49,47.0,1.2660644153078255,1.3047498328262268,False,False,0.04081632653061224,0.03243445663935406,0.6659140746350087,False,168
tool_by_L1_Theme_Secondary,Keyfactor/signserver-ce,L1_Theme Secondary,Cognitive Friction,0.013355270482906788,0.3701409816072203,49,49,47.0,1.5613465154662087,1.2761492126571141,True,False,0.6938775510204082,0.627811960395491,0.7089889951900584,False,23
tool_by_L1_Theme_Secondary,Keyfactor/signserver-ce,L1_Theme Secondary,Functional Gap,0.011730787844539558,0.6215752373663341,49,49,47.0,1.4568905997186374,0.7840154333349347,False,False,0.8571428571428571,0.83259101485002,0.5778823125469821,False,9
tool_by_L1_Theme_Secondary,Keyfactor/signserver-ce,L1_Theme Secondary,Functional Reliability,0.015458390145795904,0.3886286892969222,49,49,47.0,1.5446705275933812,1.0854782458948544,True,False,0.7755102040816326,0.7232331625841065,0.9309584648287244,False,16
tool_by_L1_Theme_Secondary,Keyfactor/signserver-ce,L1_Theme Secondary,Operational Friction,0.011192089595245659,0.461207182958027,49,49,47.0,1.3882210221812437,1.1954956439520652,False,False,0.6938775510204082,0.6398768440151422,0.7877881257011897,False,22
tool_by_L1_Theme_Secondary,hashicorp/vault,L1_Theme Secondary,Cognitive Friction,-0.022189071720845478,3.032091622471453e-36,49,49,47.0,1.818700624903915,1.9849743448296577,True,False,0.0,2.0830890388184846e-10,0.811839125486735,False,1701
tool_by_L1_Theme_Secondary,hashicorp/vault,L1_Theme Secondary,Functional Gap,-0.023258847890521964,4.697078106138706e-31,49,49,47.0,1.773874124364909,1.8584687384256484,True,False,0.0,2.9261095009537257e-08,0.15369287815276197,False,1323
tool_by_L1_Theme_Secondary,hashicorp/vault,L1_Theme Secondary,Functional Reliability,-0.022178810440355756,2.0285180969316518e-28,49,49,47.0,1.561261188131674,1.6335336043905702,True,False,0.0,2.0221705968752746e-08,0.46658865549647555,False,1317
tool_by_L1_Theme_Secondary,hashicorp/vault,L1_Theme Secondary,Operational Friction,-0.02261311105494526,2.0087695386471674e-38,49,49,47.0,1.941593893964631,2.1136895982797097,True,False,0.0,1.5604063496791552e-10,0.913838741138495,False,1745
tool_by_L1_Theme_Secondary,notaryproject/notation,L1_Theme Secondary,Cognitive Friction,-0.027340856343500346,2.2005776001813924e-07,49,49,47.0,3.720019041547266,3.7634003041594273,True,False,0.1836734693877551,0.04177897154373254,0.0019591068795601213,True,196
tool_by_L1_Theme_Secondary,notaryproject/notation,L1_Theme Secondary,Functional Gap,-0.024433780744029163,1.5305232834648053e-05,49,49,47.0,3.0352787653514466,3.145440988238349,True,False,0.1836734693877551,0.05555525670428681,0.0004802849668231775,True,168
tool_by_L1_Theme_Secondary,notaryproject/notation,L1_Theme Secondary,Functional Reliability,-0.022744333979143244,0.00039484521650843526,49,49,47.0,3.183588885612662,2.9677394528238783,True,False,0.22448979591836735,0.09707107746244485,0.004388544109718006,True,129
tool_by_L1_Theme_Secondary,notaryproject/notation,L1_Theme Secondary,Operational Friction,-0.024960704841978255,1.1970638179510242e-07,49,49,47.0,4.939164485801032,4.389075113672756,True,False,0.12244897959183673,0.019835147519037283,6.08855500647399e-05,True,242
tool_by_L1_Theme_Secondary,openpubkey/openpubkey,L1_Theme Secondary,Cognitive Friction,0.03554364170739898,5.1621142160617946e-05,49,49,47.0,5.079081308950871,4.031000724191033,True,False,0.673469387755102,0.27376496162979996,1.0363773065117294e-06,True,75
tool_by_L1_Theme_Secondary,openpubkey/openpubkey,L1_Theme Secondary,Functional Gap,0.03888088276619618,2.438152870741184e-05,49,49,47.0,6.26994837234489,4.132063537001905,True,False,0.6938775510204082,0.30446552583369685,0.00023273988787420445,True,70
tool_by_L1_Theme_Secondary,openpubkey/openpubkey,L1_Theme Secondary,Functional Reliability,0.026532858871196267,0.01822017493153186,49,49,47.0,3.828954470195197,2.7151178129890057,True,False,0.7551020408163265,0.4370411157645027,4.548891835896427e-06,True,43
tool_by_L1_Theme_Secondary,openpubkey/openpubkey,L1_Theme Secondary,Operational Friction,0.03573527153568889,5.933621009003071e-06,49,49,47.0,7.263215232922767,5.396878796337219,True,False,0.6938775510204082,0.21209742031882314,2.409870805747931e-05,True,93
tool_by_L1_Theme_Secondary,sigstore/cosign,L1_Theme Secondary,Cognitive Friction,-0.03338400835746118,1.3106023700990265e-27,49,49,47.0,2.148019235919429,1.8164814973894028,True,False,0.0,0.0008012853175106909,0.12392335346703473,False,605
tool_by_L1_Theme_Secondary,sigstore/cosign,L1_Theme Secondary,Functional Gap,-0.03747466276235763,3.96951571829099e-18,49,49,47.0,1.1423757614186587,1.1477855527358833,False,False,0.02040816326530612,0.01921151274096289,0.10055085338369896,False,315
tool_by_L1_Theme_Secondary,sigstore/cosign,L1_Theme Secondary,Functional Reliability,-0.03479789953618388,2.956938826762698e-19,49,49,47.0,1.0860365663073839,1.1388190717820152,False,False,0.02040816326530612,0.008121731819524513,0.21199255574056042,False,382
tool_by_L1_Theme_Secondary,sigstore/cosign,L1_Theme Secondary,Operational Friction,-0.03457700168135036,9.492292324315212e-30,49,49,47.0,2.0376875672356887,1.7459070572801572,True,False,0.0,0.0008620035892463524,0.2326083865834986,False,616
tool_by_L1_Theme_Secondary,sigstore/fulcio,L1_Theme Secondary,Cognitive Friction,-0.055609382743423745,2.851805313567556e-15,49,49,47.0,1.0019716767102536,1.0612441618795814,False,False,0.1836734693877551,0.18465018259478294,0.5002703981560284,False,141
tool_by_L1_Theme_Secondary,sigstore/fulcio,L1_Theme Secondary,Functional Gap,-0.04379619216699522,2.5233697472632786e-11,49,49,47.0,1.4242280513606609,1.48191720267883,False,False,0.14285714285714285,0.13578682527973504,0.2439409373601775,False,144
tool_by_L1_Theme_Secondary,sigstore/fulcio,L1_Theme Secondary,Functional Reliability,-0.04267158183757973,3.811660425720653e-08,49,49,47.0,1.201636374137481,1.2982538193583142,False,False,0.22448979591836735,0.21082590742304214,0.024073253555285515,True,102
tool_by_L1_Theme_Secondary,sigstore/fulcio,L1_Theme Secondary,Operational Friction,-0.05313846274800487,6.921194591024533e-18,49,49,47.0,1.4678022868240497,1.4477901092198402,False,False,0.12244897959183673,0.12827047108815331,0.13816221036580723,False,179
tool_by_L1_Theme_Secondary,sigstore/rekor,L1_Theme Secondary,Cognitive Friction,-0.056448963525243326,4.9532474934963805e-20,49,49,47.0,0.9909447635695193,1.1256063815825297,False,False,0.14285714285714285,0.13383825280060643,0.8291517877075234,False,186
tool_by_L1_Theme_Secondary,sigstore/rekor,L1_Theme Secondary,Functional Gap,-0.06123423774793875,2.163002633492475e-18,49,49,47.0,0.9274198051935406,0.9749078481017569,False,False,0.14285714285714285,0.19169033877906172,0.13978493172255485,False,152
tool_by_L1_Theme_Secondary,sigstore/rekor,L1_Theme Secondary,Functional Reliability,-0.0511822934921933,1.1037580045103522e-10,49,49,47.0,0.8051728637400781,0.9612480693079682,False,False,0.24489795918367346,0.23246734700853494,0.244015950722162,False,106
tool_by_L1_Theme_Secondary,sigstore/rekor,L1_Theme Secondary,Operational Friction,-0.05672670803590469,5.87036706280364e-19,49,49,47.0,0.9024897378390783,1.0465839391759781,False,False,0.12244897959183673,0.147107667753153,0.5514166432328547,False,174
tool_by_Nielsen_theme,Keyfactor/ejbca-ce,Nielsen_theme,1. Visibility of system status,0.0013856486647172638,0.8583242269094175,49,49,47.0,1.6333547502865329,1.7302164657488217,True,False,0.2653061224489796,0.18390666594000385,0.6908573991340439,False,83
tool_by_Nielsen_theme,Keyfactor/ejbca-ce,Nielsen_theme,10. Help and documentation,-0.00044304145605339175,0.9372267964208912,49,49,47.0,1.520999934267634,1.5404463509872302,True,False,0.061224489795918366,0.03978418802868567,0.4855364182146146,False,158
tool_by_Nielsen_theme,Keyfactor/ejbca-ce,Nielsen_theme,2. Match between system and the real world,-0.006573845109509253,0.7107041518661648,49,49,47.0,0.9636479727031458,0.8770777948193043,False,False,0.7142857142857143,0.7217537996687635,0.7709535221782453,False,16
tool_by_Nielsen_theme,Keyfactor/ejbca-ce,Nielsen_theme,3. User control and freedom,0.018585362616170442,0.5281998826424354,49,49,47.0,0.9007086585689509,0.527545619387513,False,False,0.8775510204081632,0.8852016012432097,0.7217929496683041,False,6
tool_by_Nielsen_theme,Keyfactor/ejbca-ce,Nielsen_theme,4. Consistency and standards,0.024306118021285926,0.06037164299741789,49,49,47.0,1.0801853748356238,1.1369474060066909,False,False,0.5510204081632653,0.5329765041344121,0.3994576384229245,False,32
tool_by_Nielsen_theme,Keyfactor/ejbca-ce,Nielsen_theme,5. Error prevention,0.007013773925400804,0.7544743747093973,49,49,47.0,1.4510027922246247,0.8511568925725115,False,False,0.8571428571428571,0.8155624163686885,0.8641629713711522,False,10
tool_by_Nielsen_theme,Keyfactor/ejbca-ce,Nielsen_theme,6. Recognition rather than recall,0.09016792269308439,0.008994617306454969,49,49,47.0,0.8762866696205478,0.5780514936393992,False,False,0.8571428571428571,0.8484619423918692,0.43672138730301424,False,9
tool_by_Nielsen_theme,Keyfactor/ejbca-ce,Nielsen_theme,7. Flexibility and efficiency of use,0.0032039302586495374,0.5754018590016142,49,49,47.0,1.0922047897734568,1.1292883276489254,False,False,0.04081632653061224,0.04449002605432298,0.5934852178417604,False,153
tool_by_Nielsen_theme,Keyfactor/ejbca-ce,Nielsen_theme,"9. Help users recognize, diagnose, and recover from errors",0.010462226898928477,0.3084904413653299,49,49,47.0,1.6510396603956552,1.4909782359324475,True,False,0.40816326530612246,0.37936974759303504,0.2109332641705961,False,48
tool_by_Nielsen_theme,Keyfactor/signserver-ce,Nielsen_theme,1. Visibility of system status,-0.022971060944048237,0.44048944329054773,49,49,47.0,0.8890173745021368,0.5231263742802487,False,False,0.8775510204081632,0.8854333513916066,0.2894657863524974,False,6
tool_by_Nielsen_theme,Keyfactor/signserver-ce,Nielsen_theme,10. Help and documentation,0.012215206891177053,0.43268050305995576,49,49,47.0,1.7068052943444048,1.2971314900504185,True,False,0.7346938775510204,0.6532062630725259,0.4380913729895768,False,21
tool_by_Nielsen_theme,Keyfactor/signserver-ce,Nielsen_theme,2. Match between system and the real world,-0.027461552028121273,0.519810882642529,49,49,47.0,0.9680266822784406,0.3473685110889331,False,False,0.9387755102040817,0.9408693376599915,0.6263269558868081,False,3
tool_by_Nielsen_theme,Keyfactor/signserver-ce,Nielsen_theme,4. Consistency and standards,0.007516949083648766,0.8808980396221743,49,49,47.0,0.9973763176809443,0.2717482356733321,False,False,0.9591836734693877,0.9600144562435021,0.7533726487133767,False,2
tool_by_Nielsen_theme,Keyfactor/signserver-ce,Nielsen_theme,5. Error prevention,0.06326667276459783,0.46873624297225025,49,49,47.0,0.7330649698027614,0.15183989758564734,False,True,0.9795918367346939,0.9799398191614411,0.8281237678684323,False,1
tool_by_Nielsen_theme,Keyfactor/signserver-ce,Nielsen_theme,6. Recognition rather than recall,0.03114619562184159,0.6771565368185171,49,49,47.0,0.9299405674487908,0.16170786007242918,False,False,0.9795918367346939,0.9798367433650689,0.8657677895626257,False,1
tool_by_Nielsen_theme,Keyfactor/signserver-ce,Nielsen_theme,7. Flexibility and efficiency of use,0.017582238412670922,0.2872728643847364,49,49,47.0,1.500825367008524,1.1543677579420981,True,False,0.7346938775510204,0.6816690351358056,0.5841013301516542,False,19
tool_by_Nielsen_theme,Keyfactor/signserver-ce,Nielsen_theme,"9. Help users recognize, diagnose, and recover from errors",0.02700709435213272,0.4642041271419063,49,49,47.0,0.8976335420001312,0.4145771544564395,False,False,0.9183673469387755,0.9220438654200627,0.1281962952712331,False,4
tool_by_Nielsen_theme,hashicorp/vault,Nielsen_theme,1. Visibility of system status,-0.022442827729413903,7.23215275953216e-23,49,49,47.0,1.5430481964200278,1.6616678849493205,True,False,0.0,7.895620917640289e-07,0.23210384569756953,False,1021
tool_by_Nielsen_theme,hashicorp/vault,Nielsen_theme,10. Help and documentation,-0.024317684178370238,8.254585298438936e-41,49,49,47.0,2.0666962927971153,2.2410882379948287,True,False,0.0,1.5425304444172176e-09,0.7334352129767265,False,1622
tool_by_Nielsen_theme,hashicorp/vault,Nielsen_theme,2. Match between system and the real world,-0.025532998377914607,8.783435739799203e-09,49,49,47.0,1.1003285179155888,1.2102401703603438,False,False,0.02040816326530612,0.013378734233364218,0.03139414694004084,True,274
tool_by_Nielsen_theme,hashicorp/vault,Nielsen_theme,3. User control and freedom,-0.030059488807681854,1.1800009857884354e-05,49,49,47.0,0.9676314459174751,1.0442642758595555,False,False,0.12244897959183673,0.13465500781745082,0.48179234776520186,False,118
tool_by_Nielsen_theme,hashicorp/vault,Nielsen_theme,4. Consistency and standards,-0.023363456387601587,1.1001150865999545e-08,49,49,47.0,0.9315121517711703,1.073707750846121,False,False,0.02040816326530612,0.00623951804571714,0.1960286599691059,False,319
tool_by_Nielsen_theme,hashicorp/vault,Nielsen_theme,5. Error prevention,-0.022009067269672146,0.00013019230000018377,49,49,47.0,1.2969944141937522,1.516246258935497,False,False,0.12244897959183673,0.05800980691185405,0.5133736131130218,False,160
tool_by_Nielsen_theme,hashicorp/vault,Nielsen_theme,6. Recognition rather than recall,-0.020440304857721192,0.05319172716547451,49,49,47.0,0.9599043628922902,1.189457833279522,False,False,0.40816326530612246,0.39740713157999347,0.6738785780664013,False,47
tool_by_Nielsen_theme,hashicorp/vault,Nielsen_theme,7. Flexibility and efficiency of use,-0.022960945292743715,7.072194989812322e-36,49,49,47.0,1.8487799153830424,2.025349186690325,True,False,0.0,1.3127354169140274e-09,0.9312147561546164,False,1578
tool_by_Nielsen_theme,hashicorp/vault,Nielsen_theme,8. Aesthetic and minimalist design,0.008502769105144237,0.5658365059116484,49,49,47.0,1.0682363430003028,1.0504108578156433,False,False,0.6326530612244898,0.626376119790488,0.3591829206512386,False,23
tool_by_Nielsen_theme,hashicorp/vault,Nielsen_theme,"9. Help users recognize, diagnose, and recover from errors",-0.017672649566186378,1.9467940394705602e-07,49,49,47.0,0.9753505196699856,0.9893215826870968,False,False,0.0,0.000538709539372183,0.909247999801032,False,450
tool_by_Nielsen_theme,notaryproject/notation,Nielsen_theme,1. Visibility of system status,-0.02695667794386706,0.007259014448076967,49,49,47.0,2.2369546840276704,1.9611455951319878,True,False,0.46938775510204084,0.35967833256096704,5.205906054820598e-05,True,54
tool_by_Nielsen_theme,notaryproject/notation,Nielsen_theme,10. Help and documentation,-0.02421372960261892,4.681226388734666e-07,49,49,47.0,5.099566581028417,4.660220463822428,True,False,0.16326530612244897,0.021849270863170657,6.839508130157494e-05,True,232
tool_by_Nielsen_theme,notaryproject/notation,Nielsen_theme,2. Match between system and the real world,-0.01336381170145911,0.3403558061577602,49,49,47.0,1.102597310012333,1.116796277498915,False,False,0.6122448979591837,0.5911639573135037,0.03596402425119704,True,26
tool_by_Nielsen_theme,notaryproject/notation,Nielsen_theme,3. User control and freedom,0.03114619562184159,0.6771565368185171,49,49,47.0,0.9299405674487908,0.16170786007242918,False,False,0.9795918367346939,0.9798367433650689,0.8657677895626257,False,1
tool_by_Nielsen_theme,notaryproject/notation,Nielsen_theme,4. Consistency and standards,-0.0032513751834614803,0.7713363357720766,49,49,47.0,1.654132307813706,1.6414404582040076,True,False,0.5714285714285714,0.4423636736612212,0.4957714159763823,False,40
tool_by_Nielsen_theme,notaryproject/notation,Nielsen_theme,5. Error prevention,-0.015584231883734785,0.2975046018140003,49,49,47.0,1.1466198988825806,1.0930187268582556,False,False,0.6530612244897959,0.6286748102443133,0.28904599268355696,False,23
tool_by_Nielsen_theme,notaryproject/notation,Nielsen_theme,6. Recognition rather than recall,-0.06326667274275052,0.012077982756264349,49,49,47.0,1.2445780816232812,0.8114211451038574,False,False,0.8367346938775511,0.7981433671934977,0.43118378601375973,False,12
tool_by_Nielsen_theme,notaryproject/notation,Nielsen_theme,7. Flexibility and efficiency of use,-0.026620351286388302,9.690785120374684e-08,49,49,47.0,4.125981001047866,3.8041965764551846,True,False,0.12244897959183673,0.030024247769220448,3.424904980594644e-05,True,218
tool_by_Nielsen_theme,notaryproject/notation,Nielsen_theme,8. Aesthetic and minimalist design,-0.06851001478193007,0.1878512364298084,49,49,47.0,0.7151558587537082,0.30966613025688666,False,True,0.9387755102040817,0.9419937152069029,0.5037070645898565,False,3
tool_by_Nielsen_theme,notaryproject/notation,Nielsen_theme,"9. Help users recognize, diagnose, and recover from errors",-0.021567717838521138,0.03407501425709229,49,49,47.0,2.622939983363643,2.1865230758876795,True,False,0.5510204081632653,0.37024208206407017,0.6899878590151349,False,51
tool_by_Nielsen_theme,openpubkey/openpubkey,Nielsen_theme,1. Visibility of system status,0.03383689822564436,0.04010919641614828,49,49,47.0,1.8584484597490143,1.3548391628329766,True,False,0.7755102040816326,0.6641440460894743,8.747120918578879e-06,True,21
tool_by_Nielsen_theme,openpubkey/openpubkey,Nielsen_theme,10. Help and documentation,0.03660354011831693,7.720131846994225e-05,49,49,47.0,4.797260121766062,3.7598360292205437,True,False,0.6938775510204082,0.3068948305676305,3.26106367113064e-06,True,68
tool_by_Nielsen_theme,openpubkey/openpubkey,Nielsen_theme,2. Match between system and the real world,0.029212553361204655,0.05941271018655552,49,49,47.0,2.0826390406206894,1.449924437002025,True,False,0.7551020408163265,0.6364747052668425,0.0013323527535232093,True,23
tool_by_Nielsen_theme,openpubkey/openpubkey,Nielsen_theme,3. User control and freedom,0.025651238230216006,0.5454943583105066,49,49,47.0,1.671923600363642,0.4074897492755142,True,False,0.9591836734693877,0.940837457520619,0.7781419039396801,False,3
tool_by_Nielsen_theme,openpubkey/openpubkey,Nielsen_theme,4. Consistency and standards,0.035346037371754534,0.02567863266011139,49,49,47.0,1.765182106236914,1.3644239518411825,True,False,0.7551020408163265,0.641205774474169,0.0005891031528512242,True,23
tool_by_Nielsen_theme,openpubkey/openpubkey,Nielsen_theme,5. Error prevention,0.03063833900492559,0.1735943029637972,49,49,47.0,1.4879532178903647,0.8936469527831324,False,False,0.8571428571428571,0.8025143750751969,0.004087121913619972,True,11
tool_by_Nielsen_theme,openpubkey/openpubkey,Nielsen_theme,6. Recognition rather than recall,0.10174104866284678,0.36318433710459574,49,49,47.0,0.5244835987389842,0.13806689352164006,False,True,0.9795918367346939,0.9801058937945772,0.7566120858579222,False,1
tool_by_Nielsen_theme,openpubkey/openpubkey,Nielsen_theme,7. Flexibility and efficiency of use,0.03426864533851269,2.3965828222935728e-05,49,49,47.0,6.837485932840506,4.838341698335733,True,False,0.6530612244897959,0.2262387491792219,1.1118343400928074e-05,True,87
tool_by_Nielsen_theme,openpubkey/openpubkey,Nielsen_theme,8. Aesthetic and minimalist design,0.015137055964454927,0.7145485320807929,49,49,47.0,1.6156066263072548,0.4126855950037357,True,False,0.9591836734693877,0.940692025806292,0.7709705552577077,False,3
tool_by_Nielsen_theme,openpubkey/openpubkey,Nielsen_theme,"9. Help users recognize, diagnose, and recover from errors",0.032395326911105964,0.19588424936264215,49,49,47.0,1.189832113022608,0.7291591600107863,False,False,0.8571428571428571,0.8349981678522023,0.2622279653931362,False,9
tool_by_Nielsen_theme,sigstore/cosign,Nielsen_theme,1. Visibility of system status,-0.035446215724157806,9.258966173649427e-11,49,49,47.0,0.8190448396541858,0.9959904723618539,False,False,0.061224489795918366,0.06092007087283762,0.5225453390110841,False,193
tool_by_Nielsen_theme,sigstore/cosign,Nielsen_theme,10. Help and documentation,-0.032300562071101754,1.6977123152901131e-25,49,49,47.0,2.458042028893292,2.0643432082190873,True,False,0.0,0.0007974224181038088,0.13812740249835778,False,589
tool_by_Nielsen_theme,sigstore/cosign,Nielsen_theme,2. Match between system and the real world,-0.03749089964989746,2.383098668637643e-06,49,49,47.0,1.0467973699941981,1.210751358523253,False,False,0.24489795918367346,0.21769011119842122,0.9868541463981566,False,93
tool_by_Nielsen_theme,sigstore/cosign,Nielsen_theme,3. User control and freedom,0.025651238212970173,0.3925938505287315,49,49,47.0,1.124917535338276,0.5790145009136003,False,False,0.8979591836734694,0.8855966251665176,0.40213866957511046,False,6
tool_by_Nielsen_theme,sigstore/cosign,Nielsen_theme,4. Consistency and standards,-0.030564425612439244,8.981389652010925e-07,49,49,47.0,0.6579624111859148,0.7251584521901874,False,True,0.04081632653061224,0.09469182681084073,0.31130547600130914,False,144
tool_by_Nielsen_theme,sigstore/cosign,Nielsen_theme,5. Error prevention,-0.047804247619890064,2.5212136533717204e-07,49,49,47.0,1.0482198914773584,1.1247570541798206,False,False,0.32653061224489793,0.3120749892458257,0.20509263534225783,False,75
tool_by_Nielsen_theme,sigstore/cosign,Nielsen_theme,6. Recognition rather than recall,-0.03135361724154537,0.02953895108691291,49,49,47.0,0.9606438968818183,1.0132808776243853,False,False,0.5918367346938775,0.5923877087021292,0.5247205327835825,False,27
tool_by_Nielsen_theme,sigstore/cosign,Nielsen_theme,7. Flexibility and efficiency of use,-0.03338304305015518,8.273891272140174e-29,49,49,47.0,2.2389303587519924,1.8923002775630922,True,False,0.0,0.0006143415454038998,0.20342004667464125,False,633
tool_by_Nielsen_theme,sigstore/cosign,Nielsen_theme,8. Aesthetic and minimalist design,-0.02685589202597653,0.2747119746611525,49,49,47.0,0.8669582370800976,0.6225160836725329,False,False,0.8163265306122449,0.8341573639524258,0.411426974879579,False,9
tool_by_Nielsen_theme,sigstore/cosign,Nielsen_theme,"9. Help users recognize, diagnose, and recover from errors",-0.031963543297050555,1.5335840676250745e-05,49,49,47.0,1.226849088646097,1.3658887319463384,False,False,0.22448979591836735,0.17335577380741837,0.607597951749629,False,103
tool_by_Nielsen_theme,sigstore/fulcio,Nielsen_theme,1. Visibility of system status,-0.03406808322776781,0.00048260606848603906,49,49,47.0,0.9637492814670995,1.2048684449596727,False,False,0.3673469387755102,0.34007565394393824,0.1046581441838158,False,60
tool_by_Nielsen_theme,sigstore/fulcio,Nielsen_theme,10. Help and documentation,-0.04664034333410065,2.4813780476934826e-13,49,49,47.0,1.3270656318276688,1.4180052486280377,False,False,0.14285714285714285,0.1288820844724956,0.19549532822662458,False,157
tool_by_Nielsen_theme,sigstore/fulcio,Nielsen_theme,2. Match between system and the real world,-0.04918904574766329,0.000473900880828906,49,49,47.0,0.9541514083496995,1.0328290304464756,False,False,0.5714285714285714,0.5568572381956278,0.15699536741215725,False,33
tool_by_Nielsen_theme,sigstore/fulcio,Nielsen_theme,3. User control and freedom,0.020328558531152452,0.7790612482649866,49,49,47.0,0.9800712525579595,0.16389338478643264,False,False,0.9795918367346939,0.9798152536899156,0.8728346750934777,False,1
tool_by_Nielsen_theme,sigstore/fulcio,Nielsen_theme,4. Consistency and standards,-0.040389904802546915,0.000740370186842613,49,49,47.0,1.0444874509931235,1.152921933753172,False,False,0.4897959183673469,0.4689625352458196,0.017806585330920128,True,42
tool_by_Nielsen_theme,sigstore/fulcio,Nielsen_theme,5. Error prevention,-0.042585230513402676,0.009129892287016871,49,49,47.0,1.0483964356295594,0.9785526905227789,False,False,0.6530612244897959,0.6475478107698179,0.09669527478619755,False,23
tool_by_Nielsen_theme,sigstore/fulcio,Nielsen_theme,6. Recognition rather than recall,-0.09968325477201573,0.026921674375932708,49,49,47.0,0.5581122965557537,0.37521628027774767,False,True,0.8775510204081632,0.8938955997676721,0.14507300678657778,False,6
tool_by_Nielsen_theme,sigstore/fulcio,Nielsen_theme,7. Flexibility and efficiency of use,-0.05216626494400475,5.463377491406835e-18,49,49,47.0,1.5143027337123633,1.5440109493041019,True,False,0.12244897959183673,0.11888459651178489,0.1290749159835341,False,185
tool_by_Nielsen_theme,sigstore/fulcio,Nielsen_theme,"9. Help users recognize, diagnose, and recover from errors",-0.030587651480156883,0.06693461114214988,49,49,47.0,0.9927157946269978,0.9231897741936292,False,False,0.673469387755102,0.6746195542691116,0.7031432905127755,False,20
tool_by_Nielsen_theme,sigstore/rekor,Nielsen_theme,1. Visibility of system status,-0.04996759167117132,2.2599598734170824e-06,49,49,47.0,0.9812293243821061,0.986280320684159,False,False,0.3673469387755102,0.38815942973638656,0.3180201760428108,False,59
tool_by_Nielsen_theme,sigstore/rekor,Nielsen_theme,10. Help and documentation,-0.05111109258393984,3.023695850987492e-17,49,49,47.0,0.8852732304791435,0.9938756760420244,False,False,0.12244897959183673,0.11792904341226375,0.046941237233620696,True,182
tool_by_Nielsen_theme,sigstore/rekor,Nielsen_theme,2. Match between system and the real world,-0.07220075774519853,4.700873486691183e-05,49,49,47.0,1.3147811337920765,1.0487753562893054,False,False,0.673469387755102,0.642374158452352,0.8458283972535343,False,27
tool_by_Nielsen_theme,sigstore/rekor,Nielsen_theme,3. User control and freedom,-0.011730787844539632,0.7756509514014115,49,49,47.0,0.9851972376866953,0.35483739596283154,False,False,0.9387755102040817,0.9406602803196569,0.6331351652787427,False,3
tool_by_Nielsen_theme,sigstore/rekor,Nielsen_theme,4. Consistency and standards,-0.05696526568608519,4.182568013935915e-07,49,49,47.0,1.0334785369581059,1.0366490173328244,False,False,0.40816326530612246,0.42303347012494064,0.5713561255937422,False,56
tool_by_Nielsen_theme,sigstore/rekor,Nielsen_theme,5. Error prevention,-0.04191002766110922,0.006213112842863351,49,49,47.0,0.7264438201845753,0.8202050952602089,False,True,0.5714285714285714,0.614011646821102,0.42195495466051414,False,26
tool_by_Nielsen_theme,sigstore/rekor,Nielsen_theme,6. Recognition rather than recall,-0.047033546222853787,0.14978673996330374,49,49,47.0,1.1042908733119183,0.5452742250564651,False,False,0.8979591836734694,0.8874032584352488,0.3904376435228475,False,6
tool_by_Nielsen_theme,sigstore/rekor,Nielsen_theme,7. Flexibility and efficiency of use,-0.05300705537924182,1.2050688731742124e-19,49,49,47.0,1.1154458355078951,1.1878975118222728,False,False,0.12244897959183673,0.1095546102357975,0.5854976182815328,False,199
tool_by_Nielsen_theme,sigstore/rekor,Nielsen_theme,8. Aesthetic and minimalist design,-0.039818168647575244,0.2075345494041071,49,49,47.0,1.1075680438990978,0.5581977290717766,False,False,0.8979591836734694,0.886704158814961,0.0605810551409268,False,6
tool_by_Nielsen_theme,sigstore/rekor,Nielsen_theme,"9. Help users recognize, diagnose, and recover from errors",-0.045863485050133816,0.0019017911723280372,49,49,47.0,0.782768231598327,0.8885600548308551,False,True,0.5714285714285714,0.5884446189769045,0.5348609293569575,False,29
